message,label
Togocom : profitez de 75000 FCFA de bonus sur votre forfait ce week-end.,legitime
Yas : profitez de 100000 F de bonus sur votre forfait ce week-end.,legitime
Togocom : ta facture de 25000 FCFA est disponible dans l'application.,legitime
Votre code de vérification est 9589. Ne le partagez avec personne.,legitime
Prêt rapide sans justificatif : jusqu'à 250000 euros en 1h. Écrivez sur WhatsApp au +228 70 00 11 22.,arnaque
Réunion de projet demain à 17h en salle C.,legitime
Votre code de vérification est 3636. Ne le partagez avec personne.,legitime
T-Money : ta facture de 5000 FCFA est disponible dans l'application.,legitime
Votre code de vérification est 4768. Ne le partagez avec personne.,legitime
Prêt rapide sans justificatif : jusqu'à 100000 FCFA en 1h. Écrivez sur WhatsApp au le numéro 144.,arnaque
Ton salaire de 150000 F CFA a été viré sur ton compte ce matin.,legitime
"Votre virement de 50000 francs CFA pour M. Mensah est validé. Pour annuler, appelez le service opposition au ce numéro.",arnaque
Flooz : ta facture de 500000 francs CFA est disponible dans l'application.,legitime
T-Money : profitez de 50000 francs CFA de bonus sur votre forfait ce week-end.,legitime
Votre code de vérification est 5991. Ne le partagez avec personne.,legitime
Votre code de vérification est 9261. Ne le partagez avec personne.,legitime
Votre abonnement a expiré. Mettez à jour vos coordonnées bancaires sur le lien ci-dessous.,arnaque
Votre code de vérification est 5237. Ne le partagez avec personne.,legitime
T-Money : ta facture de 25000 F CFA est disponible dans l'application.,legitime
"Coucou ma sœur, j'ai cassé mon téléphone, envoie-moi 200 F sur +228 90 12 34 56 stp.",arnaque
Votre code de vérification est 7643. Ne le partagez avec personne.,legitime
Urgent : votre compte Mixx by Yas est bloqué. Réactivez-le sur www.verif-compte.com avant 24h.,arnaque
Félicitations ! Vous avez gagné 150000 F. Cliquez sur ce lien pour réclamer votre prix.,arnaque
Paiement réussi de 50000 francs CFA chez Boutique Mixx. Nouveau solde disponible.,legitime
Urgent : votre compte Orange Money est bloqué. Réactivez-le sur le lien ci-dessous avant 24h.,arnaque
"Bravo ! Vous êtes le 10 000e visiteur, vous gagnez un iPhone 15. Réclamez sur ce lien.",arnaque
"Votre virement de 100000 francs CFA pour Jean K. est validé. Pour annuler, appelez le service opposition au +228 90 12 34 56.",arnaque
Paiement réussi de 500000 F CFA chez Station CAP. Nouveau solde disponible.,legitime
Réunion de projet demain à 9h en salle A.,legitime
Votre code de vérification est 8310. Ne le partagez avec personne.,legitime
Offre d'emploi à domicile : gagnez 500 F CFA par jour sans expérience. Inscrivez-vous sur ce lien.,arnaque
Prêt rapide sans justificatif : jusqu'à 250000 FCFA en 1h. Écrivez sur WhatsApp au +228 70 00 11 22.,arnaque
Paiement réussi de 500000 F chez Supermarché Champion. Nouveau solde disponible.,legitime
Votre bourse de 75000 francs CFA est acceptée. Confirmez vos infos bancaires sur http://reclamation-gain.net.,arnaque
Offre d'emploi à domicile : gagnez 2500 € par jour sans expérience. Inscrivez-vous sur le lien ci-dessous.,arnaque
"Bravo ! Vous êtes le 1 000 000e visiteur, vous gagnez une moto. Réclamez sur http://bit.ly/3xR2k.",arnaque
Votre code de vérification est 2228. Ne le partagez avec personne.,legitime
Paiement réussi de 200 F chez Supermarché Champion. Nouveau solde disponible.,legitime
Orange Money : ta facture de 1 000 000 FCFA est disponible dans l'application.,legitime
"Votre virement de 200 € pour M. Mensah est validé. Pour annuler, appelez le service opposition au +228 91 45 67 89.",arnaque
Urgent : votre compte Mobile Money est bloqué. Réactivez-le sur http://reclamation-gain.net avant 24h.,arnaque
Promo exclusive : gagnez un cadeau exclusif en envoyant ce code au le 888.,arnaque
"Coucou grand frère, j'ai cassé mon téléphone, envoie-moi 100000 F CFA sur le 888 stp.",arnaque
Moov Africa : ta facture de 10000 F CFA est disponible dans l'application.,legitime
Promo exclusive : gagnez un bon Amazon en envoyant ce code au +228 90 12 34 56.,arnaque
"Coucou tonton, j'ai cassé mon téléphone, envoie-moi 250000 € sur +228 90 12 34 56 stp.",arnaque
Yas : profitez de 250000 francs CFA de bonus sur votre forfait ce week-end.,legitime
Paiement réussi de 2500 francs CFA chez Station CAP. Nouveau solde disponible.,legitime
Félicitations ! Vous avez gagné 75000 €. Cliquez sur www.verif-compte.com pour réclamer votre prix.,arnaque
On se retrouve à le café à 15h ?,legitime
Mobile Money : profitez de 500 FCFA de bonus sur votre forfait ce week-end.,legitime
Mixx by Yas : profitez de 10000 F de bonus sur votre forfait ce week-end.,legitime
"Coucou ma sœur, j'ai cassé mon téléphone, envoie-moi 1000 F CFA sur +228 70 00 11 22 stp.",arnaque
"Bonjour, peux-tu m'envoyer le rapport avant vendredi ?",legitime
"Offre d'emploi à domicile : gagnez 659,99 euros par jour sans expérience. Inscrivez-vous sur ce lien.",arnaque
Félicitations ! Vous avez gagné 100000 FCFA. Cliquez sur ce lien pour réclamer votre prix.,arnaque
Togocom : ta facture de 250000 FCFA est disponible dans l'application.,legitime
"Votre virement de 250000 F pour Jean K. est validé. Pour annuler, appelez le service opposition au +228 91 45 67 89.",arnaque
Votre colis est bloqué à la douane. Payez 2500 euros de frais sur le lien ci-dessous pour le libérer.,arnaque
On se retrouve à la bibliothèque à 12h ?,legitime
Votre colis est bloqué à la douane. Payez 100000 FCFA de frais sur http://reclamation-gain.net pour le libérer.,arnaque
Offre d'emploi à domicile : gagnez 1 000 000 € par jour sans expérience. Inscrivez-vous sur le lien ci-dessous.,arnaque
Paiement réussi de 500 FCFA chez Pharmacie du Port. Nouveau solde disponible.,legitime
Offre d'emploi à domicile : gagnez 50000 F par jour sans expérience. Inscrivez-vous sur ce lien.,arnaque
"T-Money : ta facture de 659,99 FCFA est disponible dans l'application.",legitime
On se retrouve à la bibliothèque à 13h ?,legitime
Moov Africa : ta facture de 75000 F CFA est disponible dans l'application.,legitime
Yas : ta facture de 1000 FCFA est disponible dans l'application.,legitime
Service Togocom : confirmez votre identité en nous renvoyant le code reçu par SMS.,arnaque
"T-Money : profitez de 659,99 FCFA de bonus sur votre forfait ce week-end.",legitime
Votre bourse de 2500 euros est acceptée. Confirmez vos infos bancaires sur le lien ci-dessous.,arnaque
"Un crédit de 250000 FCFA a été effectué sur votre compte T-Money. Pour confirmer, rappelez +228 90 12 34 56.",arnaque
"Mixx by Yas : ta facture de 659,99 F est disponible dans l'application.",legitime
Réunion de projet demain à 11h en salle B.,legitime
"Un crédit de 500000 francs CFA a été effectué sur votre compte Flooz. Pour confirmer, rappelez +228 91 45 67 89.",arnaque
"Votre virement de 75000 F pour Marc Dupont est validé. Pour annuler, appelez le service opposition au +228 70 00 11 22.",arnaque
Ton salaire de 50000 francs CFA a été viré sur ton compte ce matin.,legitime
"Coucou grand frère, j'ai cassé mon téléphone, envoie-moi 75000 francs CFA sur +228 91 45 67 89 stp.",arnaque
"Ton salaire de 659,99 FCFA a été viré sur ton compte ce matin.",legitime
"Un crédit de 500000 francs CFA a été effectué sur votre compte Moov Africa. Pour confirmer, rappelez +228 90 12 34 56.",arnaque
Paiement réussi de 75000 francs CFA chez Station CAP. Nouveau solde disponible.,legitime
Votre bourse de 1000 euros est acceptée. Confirmez vos infos bancaires sur http://reclamation-gain.net.,arnaque
"Votre virement de 100000 F CFA pour Jean K. est validé. Pour annuler, appelez le service opposition au +228 90 12 34 56.",arnaque
Investissez 250000 euros et recevez 1 000 000 euros en 24h ! Contactez-nous sur WhatsApp au ce numéro.,arnaque
Votre colis est bloqué à la douane. Payez 2500 euros de frais sur http://reclamation-gain.net pour le libérer.,arnaque
On se retrouve à le café à 11h ?,legitime
Flooz : ta facture de 1000 F est disponible dans l'application.,legitime
Paiement réussi de 100000 F chez Pharmacie du Port. Nouveau solde disponible.,legitime
Le cours de réseaux est déplacé à lundi.,legitime
"Votre virement de 1000 F pour Marc Dupont est validé. Pour annuler, appelez le service opposition au +228 91 45 67 89.",arnaque
Félicitations ! Vous avez gagné 1000 F. Cliquez sur http://bit.ly/3xR2k pour réclamer votre prix.,arnaque
Prêt rapide sans justificatif : jusqu'à 500 FCFA en 1h. Écrivez sur WhatsApp au +228 70 00 11 22.,arnaque
Togocom : ta facture de 2500 FCFA est disponible dans l'application.,legitime
Investissez 25000 F et recevez 1000 francs CFA en 24h ! Contactez-nous sur WhatsApp au ce numéro.,arnaque
Ton salaire de 100000 F CFA a été viré sur ton compte ce matin.,legitime
"Votre colis est bloqué à la douane. Payez 659,99 F CFA de frais sur ce lien pour le libérer.",arnaque
Votre code de vérification est 8303. Ne le partagez avec personne.,legitime
Prêt rapide sans justificatif : jusqu'à 2500 F en 1h. Écrivez sur WhatsApp au ce numéro.,arnaque
Promo exclusive : gagnez un smartphone en envoyant ce code au +228 91 45 67 89.,arnaque
T-Money : ta facture de 75000 F CFA est disponible dans l'application.,legitime
On se retrouve à l’entrée du campus à 11h ?,legitime
Félicitations ! Vous avez gagné 1 000 000 francs CFA. Cliquez sur http://bit.ly/3xR2k pour réclamer votre prix.,arnaque
Paiement réussi de 50000 F chez Boutique Mixx. Nouveau solde disponible.,legitime
Prêt rapide sans justificatif : jusqu'à 2500 FCFA en 1h. Écrivez sur WhatsApp au +228 90 12 34 56.,arnaque
Moov Africa : ta facture de 5000 F CFA est disponible dans l'application.,legitime
Le cours de Python est déplacé à mardi.,legitime
Mobile Money : profitez de 200 F CFA de bonus sur votre forfait ce week-end.,legitime
Ton salaire de 2500 F CFA a été viré sur ton compte ce matin.,legitime
"Investissez 659,99 FCFA et recevez 2500 € en 24h ! Contactez-nous sur WhatsApp au +228 70 00 11 22.",arnaque
Votre code de vérification est 9399. Ne le partagez avec personne.,legitime
Paiement réussi de 150000 F chez Pharmacie du Port. Nouveau solde disponible.,legitime
Votre code de vérification est 1725. Ne le partagez avec personne.,legitime
Ton salaire de 150000 F a été viré sur ton compte ce matin.,legitime
"Flooz : profitez de 659,99 FCFA de bonus sur votre forfait ce week-end.",legitime
"Un crédit de 1 000 000 FCFA a été effectué sur votre compte Orange Money. Pour confirmer, rappelez le numéro 144.",arnaque
Votre colis est bloqué à la douane. Payez 1000 FCFA de frais sur ce lien pour le libérer.,arnaque
Offre d'emploi à domicile : gagnez 1 000 000 F par jour sans expérience. Inscrivez-vous sur ce lien.,arnaque
Paiement réussi de 200 F chez Marché d'Adidogomé. Nouveau solde disponible.,legitime
Mobile Money : ta facture de 25000 FCFA est disponible dans l'application.,legitime
Félicitations ! Vous avez gagné 10000 F CFA. Cliquez sur www.verif-compte.com pour réclamer votre prix.,arnaque
Votre code de vérification est 1891. Ne le partagez avec personne.,legitime
Urgent : votre compte Mobile Money est bloqué. Réactivez-le sur le lien ci-dessous avant 24h.,arnaque
"Flooz : ta facture de 659,99 francs CFA est disponible dans l'application.",legitime
Félicitations ! Vous avez gagné 1 000 000 FCFA. Cliquez sur ce lien pour réclamer votre prix.,arnaque
Félicitations ! Vous avez gagné 150000 euros. Cliquez sur www.verif-compte.com pour réclamer votre prix.,arnaque
Votre code de vérification est 6213. Ne le partagez avec personne.,legitime
Votre code de vérification est 3623. Ne le partagez avec personne.,legitime
"Bravo ! Vous êtes le 1 000 000e visiteur, vous gagnez un iPhone 15. Réclamez sur http://reclamation-gain.net.",arnaque
Yas : profitez de 25000 FCFA de bonus sur votre forfait ce week-end.,legitime
"J'ai bien reçu ton message, je te rappelle après la réunion.",legitime
Réunion de projet demain à 8h en salle C.,legitime
T-Money : profitez de 5000 F CFA de bonus sur votre forfait ce week-end.,legitime
Votre colis est bloqué à la douane. Payez 1 000 000 FCFA de frais sur www.verif-compte.com pour le libérer.,arnaque
Flooz : profitez de 25000 F CFA de bonus sur votre forfait ce week-end.,legitime
Votre code de vérification est 1567. Ne le partagez avec personne.,legitime
Alerte sécurité : connexion suspecte sur votre compte. Vérifiez via www.verif-compte.com immédiatement.,arnaque
"Bravo ! Vous êtes le 1000e visiteur, vous gagnez un smartphone. Réclamez sur http://reclamation-gain.net.",arnaque
Promo exclusive : gagnez un smartphone en envoyant ce code au +228 90 12 34 56.,arnaque
Votre bourse de 1000 francs CFA est acceptée. Confirmez vos infos bancaires sur http://reclamation-gain.net.,arnaque
"Bravo ! Vous êtes le 10 000e visiteur, vous gagnez une moto. Réclamez sur http://bit.ly/3xR2k.",arnaque
"Bravo ! Vous êtes le 1 000 000e visiteur, vous gagnez un bon Amazon. Réclamez sur http://reclamation-gain.net.",arnaque
Votre bourse de 1 000 000 € est acceptée. Confirmez vos infos bancaires sur ce lien.,arnaque
Votre code de vérification est 2753. Ne le partagez avec personne.,legitime
Félicitations ! Vous avez gagné 250000 FCFA. Cliquez sur le lien ci-dessous pour réclamer votre prix.,arnaque
Votre code de vérification est 7383. Ne le partagez avec personne.,legitime
Votre code de vérification est 6614. Ne le partagez avec personne.,legitime
Le cours de maths est déplacé à jeudi.,legitime
Votre colis est bloqué à la douane. Payez 1000 F de frais sur www.verif-compte.com pour le libérer.,arnaque
On se retrouve à la bibliothèque à 11h ?,legitime
"Bravo ! Vous êtes le 10 000e visiteur, vous gagnez un cadeau exclusif. Réclamez sur ce lien.",arnaque
Paiement réussi de 1000 F chez Boutique Mixx. Nouveau solde disponible.,legitime
"Votre virement de 200 F CFA pour Ama est validé. Pour annuler, appelez le service opposition au +228 91 45 67 89.",arnaque
Paiement réussi de 500 FCFA chez Marché d'Adidogomé. Nouveau solde disponible.,legitime
Votre abonnement a expiré. Mettez à jour vos coordonnées bancaires sur www.verif-compte.com.,arnaque
Ton code de vérification pour ton compte est 4589.,legitime
Félicitations ! Vous avez gagné 25000 F. Cliquez sur http://reclamation-gain.net pour réclamer votre prix.,arnaque
"Offre d'emploi à domicile : gagnez 659,99 F CFA par jour sans expérience. Inscrivez-vous sur le lien ci-dessous.",arnaque
Moov Africa : ta facture de 1 000 000 F est disponible dans l'application.,legitime
"Votre virement de 500 F pour Ama est validé. Pour annuler, appelez le service opposition au +228 70 00 11 22.",arnaque
Paiement réussi de 10000 francs CFA chez Pharmacie du Port. Nouveau solde disponible.,legitime
Ton salaire de 150000 francs CFA a été viré sur ton compte ce matin.,legitime
Ton salaire de 500000 F CFA a été viré sur ton compte ce matin.,legitime
Togocom : profitez de 10000 francs CFA de bonus sur votre forfait ce week-end.,legitime
Le cours de anglais est déplacé à jeudi.,legitime
Mixx by Yas : profitez de 100000 francs CFA de bonus sur votre forfait ce week-end.,legitime
Mixx by Yas : ta facture de 75000 F est disponible dans l'application.,legitime
"Un crédit de 10000 F CFA a été effectué sur votre compte Yas. Pour confirmer, rappelez +228 90 12 34 56.",arnaque
Paiement réussi de 100000 FCFA chez Supermarché Champion. Nouveau solde disponible.,legitime
Promo exclusive : gagnez un cadeau exclusif en envoyant ce code au +228 90 12 34 56.,arnaque
"Votre virement de 75000 F CFA pour M. Mensah est validé. Pour annuler, appelez le service opposition au +228 91 45 67 89.",arnaque
Votre colis est bloqué à la douane. Payez 50000 € de frais sur ce lien pour le libérer.,arnaque
"Votre virement de 500 € pour Koffi A. est validé. Pour annuler, appelez le service opposition au +228 90 12 34 56.",arnaque
Investissez 75000 F et recevez 500000 francs CFA en 24h ! Contactez-nous sur WhatsApp au +228 91 45 67 89.,arnaque
Ton salaire de 1000 francs CFA a été viré sur ton compte ce matin.,legitime
Votre colis est bloqué à la douane. Payez 500000 € de frais sur http://reclamation-gain.net pour le libérer.,arnaque
Offre d'emploi à domicile : gagnez 500000 F par jour sans expérience. Inscrivez-vous sur http://reclamation-gain.net.,arnaque
"Un crédit de 1000 FCFA a été effectué sur votre compte Flooz. Pour confirmer, rappelez le numéro 144.",arnaque
Offre d'emploi à domicile : gagnez 200 F par jour sans expérience. Inscrivez-vous sur ce lien.,arnaque
Yas : profitez de 1 000 000 F CFA de bonus sur votre forfait ce week-end.,legitime
"Bonne chance pour ta soutenance, tu vas gérer !",legitime
Offre d'emploi à domicile : gagnez 1 000 000 francs CFA par jour sans expérience. Inscrivez-vous sur ce lien.,arnaque
On se retrouve à la bibliothèque à 15h ?,legitime
Prêt rapide sans justificatif : jusqu'à 500000 F en 1h. Écrivez sur WhatsApp au ce numéro.,arnaque
"Moov Africa : ta facture de 659,99 francs CFA est disponible dans l'application.",legitime
Paiement réussi de 250000 F CFA chez Station CAP. Nouveau solde disponible.,legitime
Promo exclusive : gagnez un iPhone 15 en envoyant ce code au +228 91 45 67 89.,arnaque
Votre colis est bloqué à la douane. Payez 250000 F de frais sur http://bit.ly/3xR2k pour le libérer.,arnaque
Prêt rapide sans justificatif : jusqu'à 1000 F CFA en 1h. Écrivez sur WhatsApp au +228 90 12 34 56.,arnaque
On se retrouve à le café à 10h ?,legitime
"Paiement réussi de 659,99 FCFA chez Station CAP. Nouveau solde disponible.",legitime
Ton salaire de 250000 FCFA a été viré sur ton compte ce matin.,legitime
Flooz : ta facture de 25000 FCFA est disponible dans l'application.,legitime
Réunion de projet demain à 15h en salle C.,legitime
Service Moov Africa : confirmez votre identité en nous renvoyant le code reçu par SMS.,arnaque
Urgent : votre compte T-Money est bloqué. Réactivez-le sur http://bit.ly/3xR2k avant 24h.,arnaque
Promo exclusive : gagnez un smartphone en envoyant ce code au +228 70 00 11 22.,arnaque
Votre bourse de 1 000 000 F CFA est acceptée. Confirmez vos infos bancaires sur ce lien.,arnaque
Votre colis est bloqué à la douane. Payez 150000 FCFA de frais sur http://bit.ly/3xR2k pour le libérer.,arnaque
"Paiement réussi de 659,99 F chez Supermarché Champion. Nouveau solde disponible.",legitime
"Un crédit de 50000 € a été effectué sur votre compte Mixx by Yas. Pour confirmer, rappelez +228 91 45 67 89.",arnaque
Investissez 1000 FCFA et recevez 1000 € en 24h ! Contactez-nous sur WhatsApp au le 888.,arnaque
Flooz : profitez de 250000 F CFA de bonus sur votre forfait ce week-end.,legitime
Moov Africa : profitez de 10000 F de bonus sur votre forfait ce week-end.,legitime
Votre code de vérification est 6373. Ne le partagez avec personne.,legitime
Mobile Money : ta facture de 2500 FCFA est disponible dans l'application.,legitime
T-Money : ta facture de 500000 F est disponible dans l'application.,legitime
Votre bourse de 500000 FCFA est acceptée. Confirmez vos infos bancaires sur http://reclamation-gain.net.,arnaque
Votre code de vérification est 3274. Ne le partagez avec personne.,legitime
Offre d'emploi à domicile : gagnez 25000 euros par jour sans expérience. Inscrivez-vous sur le lien ci-dessous.,arnaque
Réunion de projet demain à 10h en salle A.,legitime
Offre d'emploi à domicile : gagnez 50000 FCFA par jour sans expérience. Inscrivez-vous sur www.verif-compte.com.,arnaque
"Coucou tonton, j'ai cassé mon téléphone, envoie-moi 250000 F sur +228 90 12 34 56 stp.",arnaque
Yas : ta facture de 1 000 000 FCFA est disponible dans l'application.,legitime
Mobile Money : profitez de 150000 francs CFA de bonus sur votre forfait ce week-end.,legitime
Moov Africa : ta facture de 1000 F CFA est disponible dans l'application.,legitime
"Bravo ! Vous êtes le 1 000 000e visiteur, vous gagnez une moto. Réclamez sur le lien ci-dessous.",arnaque
Mobile Money : ta facture de 1 000 000 F est disponible dans l'application.,legitime
Votre bourse de 150000 FCFA est acceptée. Confirmez vos infos bancaires sur ce lien.,arnaque
Flooz : profitez de 1 000 000 francs CFA de bonus sur votre forfait ce week-end.,legitime
Votre code de vérification est 1893. Ne le partagez avec personne.,legitime
Votre bourse de 10000 FCFA est acceptée. Confirmez vos infos bancaires sur http://reclamation-gain.net.,arnaque
Paiement réussi de 10000 F chez Supermarché Champion. Nouveau solde disponible.,legitime
Paiement réussi de 250000 francs CFA chez Pharmacie du Port. Nouveau solde disponible.,legitime
"Félicitations ! Vous avez gagné 659,99 FCFA. Cliquez sur ce lien pour réclamer votre prix.",arnaque
On se retrouve à l’entrée du campus à 13h ?,legitime
Promo exclusive : gagnez un bon Amazon en envoyant ce code au ce numéro.,arnaque
Votre code de vérification est 3293. Ne le partagez avec personne.,legitime
Investissez 200 € et recevez 500000 francs CFA en 24h ! Contactez-nous sur WhatsApp au le numéro 144.,arnaque
Votre code de vérification est 7581. Ne le partagez avec personne.,legitime
Ton salaire de 5000 francs CFA a été viré sur ton compte ce matin.,legitime
"Investissez 10000 euros et recevez 659,99 euros en 24h ! Contactez-nous sur WhatsApp au le numéro 144.",arnaque
Votre code de vérification est 2494. Ne le partagez avec personne.,legitime
Investissez 250000 FCFA et recevez 1 000 000 € en 24h ! Contactez-nous sur WhatsApp au le 888.,arnaque
On se retrouve à la bibliothèque à 16h ?,legitime
"Votre virement de 150000 F CFA pour le bénéficiaire est validé. Pour annuler, appelez le service opposition au +228 70 00 11 22.",arnaque
Prêt rapide sans justificatif : jusqu'à 25000 € en 1h. Écrivez sur WhatsApp au +228 91 45 67 89.,arnaque
Urgent : votre compte Togocom est bloqué. Réactivez-le sur http://bit.ly/3xR2k avant 24h.,arnaque
Votre code de vérification est 5758. Ne le partagez avec personne.,legitime
Votre colis est bloqué à la douane. Payez 1 000 000 € de frais sur http://bit.ly/3xR2k pour le libérer.,arnaque
Votre bourse de 100000 F est acceptée. Confirmez vos infos bancaires sur ce lien.,arnaque
"Coucou tonton, j'ai cassé mon téléphone, envoie-moi 25000 euros sur +228 90 12 34 56 stp.",arnaque
Urgent : votre compte T-Money est bloqué. Réactivez-le sur www.verif-compte.com avant 24h.,arnaque
Votre code de vérification est 8613. Ne le partagez avec personne.,legitime
Paiement réussi de 500 F chez Station CAP. Nouveau solde disponible.,legitime
Félicitations ! Vous avez gagné 250000 euros. Cliquez sur le lien ci-dessous pour réclamer votre prix.,arnaque
Investissez 100000 € et recevez 75000 F CFA en 24h ! Contactez-nous sur WhatsApp au +228 90 12 34 56.,arnaque
Votre bourse de 1 000 000 € est acceptée. Confirmez vos infos bancaires sur www.verif-compte.com.,arnaque
Votre bourse de 50000 € est acceptée. Confirmez vos infos bancaires sur http://reclamation-gain.net.,arnaque
"Votre virement de 500 F pour le bénéficiaire est validé. Pour annuler, appelez le service opposition au le numéro 144.",arnaque
Félicitations ! Vous avez gagné 250000 FCFA. Cliquez sur http://reclamation-gain.net pour réclamer votre prix.,arnaque
Votre colis est bloqué à la douane. Payez 500 FCFA de frais sur http://bit.ly/3xR2k pour le libérer.,arnaque
Moov Africa : ta facture de 100000 FCFA est disponible dans l'application.,legitime
Le cours de maths est déplacé à mardi.,legitime
Votre code de vérification est 3935. Ne le partagez avec personne.,legitime
Alerte sécurité : connexion suspecte sur votre compte. Vérifiez via le lien ci-dessous immédiatement.,arnaque
"Un crédit de 2500 euros a été effectué sur votre compte Mixx by Yas. Pour confirmer, rappelez le 888.",arnaque
Votre code de vérification est 7237. Ne le partagez avec personne.,legitime
Votre code de vérification est 6285. Ne le partagez avec personne.,legitime
Paiement réussi de 25000 F CFA chez Pharmacie du Port. Nouveau solde disponible.,legitime
"Un crédit de 150000 euros a été effectué sur votre compte Moov Africa. Pour confirmer, rappelez le numéro 144.",arnaque
Flooz : profitez de 500 FCFA de bonus sur votre forfait ce week-end.,legitime
Votre bourse de 500000 francs CFA est acceptée. Confirmez vos infos bancaires sur http://reclamation-gain.net.,arnaque
Prêt rapide sans justificatif : jusqu'à 150000 € en 1h. Écrivez sur WhatsApp au +228 90 12 34 56.,arnaque
Félicitations ! Vous avez gagné 100000 FCFA. Cliquez sur http://reclamation-gain.net pour réclamer votre prix.,arnaque
"Votre virement de 150000 € pour M. Mensah est validé. Pour annuler, appelez le service opposition au +228 90 12 34 56.",arnaque
Votre code de vérification est 8973. Ne le partagez avec personne.,legitime
Paiement réussi de 200 francs CFA chez Boutique Mixx. Nouveau solde disponible.,legitime
"Coucou maman, j'ai cassé mon téléphone, envoie-moi 50000 F sur le 888 stp.",arnaque
Flooz : ta facture de 2500 F CFA est disponible dans l'application.,legitime
Votre colis est bloqué à la douane. Payez 5000 FCFA de frais sur http://reclamation-gain.net pour le libérer.,arnaque
Service Orange Money : confirmez votre identité en nous renvoyant le code reçu par SMS.,arnaque
"Votre virement de 1000 francs CFA pour le bénéficiaire est validé. Pour annuler, appelez le service opposition au +228 91 45 67 89.",arnaque
Yas : ta facture de 1 000 000 francs CFA est disponible dans l'application.,legitime
"Coucou tonton, j'ai cassé mon téléphone, envoie-moi 659,99 euros sur le 888 stp.",arnaque
Moov Africa : ta facture de 1 000 000 FCFA est disponible dans l'application.,legitime
Investissez 50000 € et recevez 50000 FCFA en 24h ! Contactez-nous sur WhatsApp au +228 91 45 67 89.,arnaque
Investissez 1000 francs CFA et recevez 50000 F CFA en 24h ! Contactez-nous sur WhatsApp au ce numéro.,arnaque
Votre code de vérification est 7762. Ne le partagez avec personne.,legitime
Offre d'emploi à domicile : gagnez 150000 francs CFA par jour sans expérience. Inscrivez-vous sur le lien ci-dessous.,arnaque
Mobile Money : ta facture de 50000 F est disponible dans l'application.,legitime
Votre code de vérification est 4062. Ne le partagez avec personne.,legitime
Votre code de vérification est 8796. Ne le partagez avec personne.,legitime
"Votre virement de 200 euros pour Jean K. est validé. Pour annuler, appelez le service opposition au +228 70 00 11 22.",arnaque
Votre bourse de 150000 € est acceptée. Confirmez vos infos bancaires sur www.verif-compte.com.,arnaque
Investissez 2500 euros et recevez 75000 € en 24h ! Contactez-nous sur WhatsApp au ce numéro.,arnaque
Réunion de projet demain à 16h en salle D.,legitime
"Coucou tonton, j'ai cassé mon téléphone, envoie-moi 500 euros sur +228 70 00 11 22 stp.",arnaque
Promo exclusive : gagnez un iPhone 15 en envoyant ce code au +228 90 12 34 56.,arnaque
Offre d'emploi à domicile : gagnez 150000 F CFA par jour sans expérience. Inscrivez-vous sur http://reclamation-gain.net.,arnaque
Mobile Money : profitez de 1 000 000 francs CFA de bonus sur votre forfait ce week-end.,legitime
Mixx by Yas : profitez de 500 francs CFA de bonus sur votre forfait ce week-end.,legitime
Votre code de vérification est 1389. Ne le partagez avec personne.,legitime
Votre code de vérification est 8807. Ne le partagez avec personne.,legitime
Offre d'emploi à domicile : gagnez 150000 FCFA par jour sans expérience. Inscrivez-vous sur ce lien.,arnaque
Votre bourse de 1 000 000 € est acceptée. Confirmez vos infos bancaires sur http://bit.ly/3xR2k.,arnaque
"Coucou maman, j'ai cassé mon téléphone, envoie-moi 25000 F CFA sur +228 70 00 11 22 stp.",arnaque
Votre code de vérification est 3017. Ne le partagez avec personne.,legitime
"Coucou ma sœur, j'ai cassé mon téléphone, envoie-moi 150000 € sur +228 70 00 11 22 stp.",arnaque
"Votre virement de 5000 FCFA pour Jean K. est validé. Pour annuler, appelez le service opposition au +228 70 00 11 22.",arnaque
"tu as gagné 1000000 de francs cfa, envoie urgemment le numéro de ton compte bancaire et les identifiants.",arnaque
T-Money : ta facture de 250000 FCFA est disponible dans l'application.,legitime
Félicitations ! Vous avez gagné 500000 €. Cliquez sur www.verif-compte.com pour réclamer votre prix.,arnaque
"Votre virement de 659,99 francs CFA pour Koffi A. est validé. Pour annuler, appelez le service opposition au le 888.",arnaque
Votre colis est bloqué à la douane. Payez 200 € de frais sur www.verif-compte.com pour le libérer.,arnaque
Félicitations pour avoir cumulé 512 points. Continue de consommer.,legitime
Votre code de vérification est 6375. Ne le partagez avec personne.,legitime
Prêt rapide sans justificatif : jusqu'à 2500 € en 1h. Écrivez sur WhatsApp au +228 90 12 34 56.,arnaque
Votre code de vérification est 8775. Ne le partagez avec personne.,legitime
"Ton salaire de 659,99 F CFA a été viré sur ton compte ce matin.",legitime
Paiement réussi de 150000 F chez Boutique Mixx. Nouveau solde disponible.,legitime
Votre code de vérification est 1579. Ne le partagez avec personne.,legitime
Ton salaire de 2500 F a été viré sur ton compte ce matin.,legitime
Flooz : profitez de 100000 francs CFA de bonus sur votre forfait ce week-end.,legitime
Paiement réussi de 100000 F chez Marché d'Adidogomé. Nouveau solde disponible.,legitime
"Votre virement de 2500 euros pour le bénéficiaire est validé. Pour annuler, appelez le service opposition au +228 90 12 34 56.",arnaque
Votre bourse de 250000 F est acceptée. Confirmez vos infos bancaires sur www.verif-compte.com.,arnaque
Investissez 2500 euros et recevez 1000 F CFA en 24h ! Contactez-nous sur WhatsApp au +228 90 12 34 56.,arnaque
Urgent : votre compte Yas est bloqué. Réactivez-le sur http://bit.ly/3xR2k avant 24h.,arnaque
Votre code de vérification est 4196. Ne le partagez avec personne.,legitime
Votre colis est bloqué à la douane. Payez 500000 F CFA de frais sur ce lien pour le libérer.,arnaque
Prêt rapide sans justificatif : jusqu'à 250000 F CFA en 1h. Écrivez sur WhatsApp au le numéro 144.,arnaque
Promo exclusive : gagnez un bon Amazon en envoyant ce code au +228 70 00 11 22.,arnaque
Prêt rapide sans justificatif : jusqu'à 2500 FCFA en 1h. Écrivez sur WhatsApp au ce numéro.,arnaque
Votre code de vérification est 2075. Ne le partagez avec personne.,legitime
Votre code de vérification est 5961. Ne le partagez avec personne.,legitime
Paiement réussi de 1 000 000 FCFA chez Boutique Mixx. Nouveau solde disponible.,legitime
Félicitations ! Vous avez gagné 1 000 000 F CFA. Cliquez sur http://bit.ly/3xR2k pour réclamer votre prix.,arnaque
Votre bourse de 500 FCFA est acceptée. Confirmez vos infos bancaires sur le lien ci-dessous.,arnaque
Mobile Money : profitez de 5000 FCFA de bonus sur votre forfait ce week-end.,legitime
"Votre virement de 10000 FCFA pour M. Mensah est validé. Pour annuler, appelez le service opposition au +228 70 00 11 22.",arnaque
Paiement réussi de 5000 francs CFA chez Marché d'Adidogomé. Nouveau solde disponible.,legitime
Urgent : votre compte Moov Africa est bloqué. Réactivez-le sur le lien ci-dessous avant 24h.,arnaque
Orange Money : ta facture de 250000 F est disponible dans l'application.,legitime
Votre code de vérification est 4648. Ne le partagez avec personne.,legitime
Votre colis est bloqué à la douane. Payez 500 € de frais sur http://reclamation-gain.net pour le libérer.,arnaque
"Votre virement de 100000 FCFA pour Ama est validé. Pour annuler, appelez le service opposition au le numéro 144.",arnaque
Paiement réussi de 1 000 000 francs CFA chez Station CAP. Nouveau solde disponible.,legitime
Merci de me rappeler. Je n'ai pas suffisamment de credit.,legitime
Votre code de vérification est 4246. Ne le partagez avec personne.,legitime
Votre code de vérification est 7461. Ne le partagez avec personne.,legitime
"Votre virement de 5000 F pour le bénéficiaire est validé. Pour annuler, appelez le service opposition au le numéro 144.",arnaque
Investissez 2500 francs CFA et recevez 200 F en 24h ! Contactez-nous sur WhatsApp au +228 91 45 67 89.,arnaque
"Votre virement de 250000 francs CFA pour le bénéficiaire est validé. Pour annuler, appelez le service opposition au +228 70 00 11 22.",arnaque
"Un crédit de 50000 francs CFA a été effectué sur votre compte Orange Money. Pour confirmer, rappelez +228 70 00 11 22.",arnaque
Promo exclusive : gagnez une moto en envoyant ce code au le numéro 144.,arnaque
Votre colis est bloqué à la douane. Payez 250000 FCFA de frais sur http://reclamation-gain.net pour le libérer.,arnaque
Réunion de projet demain à 8h en salle B.,legitime
Yas : profitez de 10000 F CFA de bonus sur votre forfait ce week-end.,legitime
Votre colis est bloqué à la douane. Payez 500000 FCFA de frais sur ce lien pour le libérer.,arnaque
Mobile Money : ta facture de 100000 F CFA est disponible dans l'application.,legitime
"Bravo ! Vous êtes le 1000e visiteur, vous gagnez un bon Amazon. Réclamez sur http://bit.ly/3xR2k.",arnaque
Votre colis est bloqué à la douane. Payez 1000 F de frais sur le lien ci-dessous pour le libérer.,arnaque
Le cours de anglais est déplacé à mardi.,legitime
"Bravo ! Vous êtes le 1 000 000e visiteur, vous gagnez un bon Amazon. Réclamez sur www.verif-compte.com.",arnaque
"Coucou grand frère, j'ai cassé mon téléphone, envoie-moi 200 FCFA sur le 888 stp.",arnaque
Prêt rapide sans justificatif : jusqu'à 250000 francs CFA en 1h. Écrivez sur WhatsApp au ce numéro.,arnaque
Promo exclusive : gagnez un iPhone 15 en envoyant ce code au le 888.,arnaque
Votre colis est bloqué à la douane. Payez 1000 F de frais sur ce lien pour le libérer.,arnaque
Service Flooz : confirmez votre identité en nous renvoyant le code reçu par SMS.,arnaque
"Coucou papa, j'ai cassé mon téléphone, envoie-moi 1000 € sur ce numéro stp.",arnaque
"Coucou ma sœur, j'ai cassé mon téléphone, envoie-moi 250000 euros sur le 888 stp.",arnaque
Votre code de vérification est 6152. Ne le partagez avec personne.,legitime
Félicitations ! Vous avez gagné 200 francs CFA. Cliquez sur ce lien pour réclamer votre prix.,arnaque
"Votre virement de 200 € pour Koffi A. est validé. Pour annuler, appelez le service opposition au le 888.",arnaque
"Votre bourse de 659,99 euros est acceptée. Confirmez vos infos bancaires sur le lien ci-dessous.",arnaque
"Coucou tonton, j'ai cassé mon téléphone, envoie-moi 75000 € sur le 888 stp.",arnaque
Votre code de vérification est 9022. Ne le partagez avec personne.,legitime
Votre colis est bloqué à la douane. Payez 25000 FCFA de frais sur http://bit.ly/3xR2k pour le libérer.,arnaque
Prêt rapide sans justificatif : jusqu'à 500000 F CFA en 1h. Écrivez sur WhatsApp au +228 91 45 67 89.,arnaque
Votre code de vérification est 2989. Ne le partagez avec personne.,legitime
Votre bourse de 50000 euros est acceptée. Confirmez vos infos bancaires sur ce lien.,arnaque
Le rendez-vous chez le dentiste est confirmé pour jeudi.,legitime
Urgent : votre compte Yas est bloqué. Réactivez-le sur le lien ci-dessous avant 24h.,arnaque
Un crédit a été effectué sur votre compte Mobile Money. Merci de rappeler le +228 90 90 90 90.,arnaque
Offre d'emploi à domicile : gagnez 250000 euros par jour sans expérience. Inscrivez-vous sur http://reclamation-gain.net.,arnaque
Votre code de vérification est 9446. Ne le partagez avec personne.,legitime
Offre d'emploi à domicile : gagnez 1000 € par jour sans expérience. Inscrivez-vous sur http://reclamation-gain.net.,arnaque
Investissez 2500 FCFA et recevez 25000 F CFA en 24h ! Contactez-nous sur WhatsApp au +228 91 45 67 89.,arnaque
Votre code de vérification est 9540. Ne le partagez avec personne.,legitime
On se retrouve à le café à 16h ?,legitime
"Un crédit de 25000 F a été effectué sur votre compte T-Money. Pour confirmer, rappelez +228 70 00 11 22.",arnaque
Promo exclusive : gagnez un iPhone 15 en envoyant ce code au le numéro 144.,arnaque
Le cours de réseaux est déplacé à mardi.,legitime
Votre abonnement a expiré. Mettez à jour vos coordonnées bancaires sur http://bit.ly/3xR2k.,arnaque
Prêt rapide sans justificatif : jusqu'à 500000 FCFA en 1h. Écrivez sur WhatsApp au +228 91 45 67 89.,arnaque
Mobile Money : ta facture de 75000 F est disponible dans l'application.,legitime
"Togocom : profitez de 659,99 FCFA de bonus sur votre forfait ce week-end.",legitime
"Un crédit de 50000 francs CFA a été effectué sur votre compte Mobile Money. Pour confirmer, rappelez ce numéro.",arnaque
Moov Africa : profitez de 5000 F CFA de bonus sur votre forfait ce week-end.,legitime
Mixx by Yas : ta facture de 10000 F est disponible dans l'application.,legitime
"Coucou ma sœur, j'ai cassé mon téléphone, envoie-moi 5000 euros sur ce numéro stp.",arnaque
"Un crédit de 500000 € a été effectué sur votre compte Togocom. Pour confirmer, rappelez +228 70 00 11 22.",arnaque
Ton salaire de 75000 FCFA a été viré sur ton compte ce matin.,legitime
"Votre virement de 1000 euros pour Marc Dupont est validé. Pour annuler, appelez le service opposition au +228 91 45 67 89.",arnaque
Paiement réussi de 50000 F CFA chez Supermarché Champion. Nouveau solde disponible.,legitime
"Un crédit de 500000 € a été effectué sur votre compte Moov Africa. Pour confirmer, rappelez +228 70 00 11 22.",arnaque
Félicitations ! Vous avez gagné 5000 FCFA. Cliquez sur http://bit.ly/3xR2k pour réclamer votre prix.,arnaque
Votre abonnement a expiré. Mettez à jour vos coordonnées bancaires sur http://reclamation-gain.net.,arnaque
Paiement réussi de 2500 francs CFA chez Marché d'Adidogomé. Nouveau solde disponible.,legitime
Réunion de projet demain à 11h en salle D.,legitime
"Votre virement de 75000 € pour Marc Dupont est validé. Pour annuler, appelez le service opposition au +228 90 12 34 56.",arnaque
"Votre virement de 100000 euros pour Ama est validé. Pour annuler, appelez le service opposition au +228 90 12 34 56.",arnaque
Mobile Money : profitez de 100000 F de bonus sur votre forfait ce week-end.,legitime
Paiement réussi de 10000 francs CFA chez Supermarché Champion. Nouveau solde disponible.,legitime
"Moov Africa : profitez de 659,99 FCFA de bonus sur votre forfait ce week-end.",legitime
Le cours de Python est déplacé à jeudi.,legitime
Le cours de maths est déplacé à lundi.,legitime
"Prêt rapide sans justificatif : jusqu'à 659,99 F en 1h. Écrivez sur WhatsApp au +228 91 45 67 89.",arnaque
"Bravo ! Vous êtes le 10 000e visiteur, vous gagnez un bon Amazon. Réclamez sur http://bit.ly/3xR2k.",arnaque
Réunion de projet demain à 15h en salle D.,legitime
Paiement réussi de 1 000 000 F CFA chez Marché d'Adidogomé. Nouveau solde disponible.,legitime
T-Money : ta facture de 1 000 000 F CFA est disponible dans l'application.,legitime
"Paiement réussi de 659,99 francs CFA chez Marché d'Adidogomé. Nouveau solde disponible.",legitime
"Votre virement de 75000 francs CFA pour le bénéficiaire est validé. Pour annuler, appelez le service opposition au le numéro 144.",arnaque
Mixx by Yas : ta facture de 100000 F est disponible dans l'application.,legitime
Ton salaire de 150000 FCFA a été viré sur ton compte ce matin.,legitime
Votre code de vérification est 3845. Ne le partagez avec personne.,legitime
Mobile Money : profitez de 100000 F CFA de bonus sur votre forfait ce week-end.,legitime
Orange Money : ta facture de 500000 F CFA est disponible dans l'application.,legitime
Investissez 1 000 000 F CFA et recevez 500 € en 24h ! Contactez-nous sur WhatsApp au +228 70 00 11 22.,arnaque
Félicitations ! Vous avez gagné 2500 euros. Cliquez sur http://bit.ly/3xR2k pour réclamer votre prix.,arnaque
Votre code de vérification est 2284. Ne le partagez avec personne.,legitime
"Prêt rapide sans justificatif : jusqu'à 659,99 € en 1h. Écrivez sur WhatsApp au le numéro 144.",arnaque
Le cours de anglais est déplacé à lundi.,legitime
Promo exclusive : gagnez un smartphone en envoyant ce code au le 888.,arnaque
"Un crédit de 659,99 F a été effectué sur votre compte Yas. Pour confirmer, rappelez +228 90 12 34 56.",arnaque
"Un crédit de 500 FCFA a été effectué sur votre compte Orange Money. Pour confirmer, rappelez le numéro 144.",arnaque
"Un crédit de 500 francs CFA a été effectué sur votre compte Flooz. Pour confirmer, rappelez +228 91 45 67 89.",arnaque
T-Money : profitez de 10000 FCFA de bonus sur votre forfait ce week-end.,legitime
"Coucou ma sœur, j'ai cassé mon téléphone, envoie-moi 75000 francs CFA sur +228 90 12 34 56 stp.",arnaque
"Bravo ! Vous êtes le 10 000e visiteur, vous gagnez un bon Amazon. Réclamez sur le lien ci-dessous.",arnaque
Investissez 10000 F CFA et recevez 150000 euros en 24h ! Contactez-nous sur WhatsApp au le 888.,arnaque
"Coucou grand frère, j'ai cassé mon téléphone, envoie-moi 500000 € sur le 888 stp.",arnaque
"Coucou ma sœur, j'ai cassé mon téléphone, envoie-moi 659,99 FCFA sur le numéro 144 stp.",arnaque
Prêt rapide sans justificatif : jusqu'à 100000 F CFA en 1h. Écrivez sur WhatsApp au le 888.,arnaque
Félicitations ! Vous avez gagné 500 FCFA. Cliquez sur ce lien pour réclamer votre prix.,arnaque
Offre d'emploi à domicile : gagnez 5000 FCFA par jour sans expérience. Inscrivez-vous sur http://reclamation-gain.net.,arnaque
Investissez 150000 € et recevez 1 000 000 F CFA en 24h ! Contactez-nous sur WhatsApp au le 888.,arnaque
Yas : profitez de 5000 FCFA de bonus sur votre forfait ce week-end.,legitime
Paiement réussi de 100000 F chez Station CAP. Nouveau solde disponible.,legitime
"Coucou ma sœur, j'ai cassé mon téléphone, envoie-moi 500 € sur +228 91 45 67 89 stp.",arnaque
"Paiement réussi de 659,99 FCFA chez Boutique Mixx. Nouveau solde disponible.",legitime
Paiement réussi de 1000 FCFA chez Marché d'Adidogomé. Nouveau solde disponible.,legitime
Yas : profitez de 200 F de bonus sur votre forfait ce week-end.,legitime
Votre code de vérification est 8080. Ne le partagez avec personne.,legitime
Flooz : profitez de 100000 F CFA de bonus sur votre forfait ce week-end.,legitime
Réunion de projet demain à 11h en salle C.,legitime
Votre colis est bloqué à la douane. Payez 10000 F CFA de frais sur www.verif-compte.com pour le libérer.,arnaque
Yas : profitez de 1 000 000 F de bonus sur votre forfait ce week-end.,legitime
Mobile Money : profitez de 50000 FCFA de bonus sur votre forfait ce week-end.,legitime
Mixx by Yas : profitez de 50000 F de bonus sur votre forfait ce week-end.,legitime
Ton salaire de 50000 FCFA a été viré sur ton compte ce matin.,legitime
"Bravo ! Vous êtes le 10 000e visiteur, vous gagnez un bon Amazon. Réclamez sur ce lien.",arnaque
Service Yas : confirmez votre identité en nous renvoyant le code reçu par SMS.,arnaque
"Bravo ! Vous êtes le 1 000 000e visiteur, vous gagnez un bon Amazon. Réclamez sur http://bit.ly/3xR2k.",arnaque
Paiement réussi de 50000 FCFA chez Pharmacie du Port. Nouveau solde disponible.,legitime
Flooz : ta facture de 250000 FCFA est disponible dans l'application.,legitime
Réunion de projet demain à 9h en salle C.,legitime
Prêt rapide sans justificatif : jusqu'à 1 000 000 FCFA en 1h. Écrivez sur WhatsApp au le 888.,arnaque
Votre colis est bloqué à la douane. Payez 500 FCFA de frais sur http://reclamation-gain.net pour le libérer.,arnaque
Urgent : votre compte Togocom est bloqué. Réactivez-le sur http://reclamation-gain.net avant 24h.,arnaque
"Un crédit de 659,99 euros a été effectué sur votre compte Mobile Money. Pour confirmer, rappelez +228 70 00 11 22.",arnaque
Paiement réussi de 5000 francs CFA chez Station CAP. Nouveau solde disponible.,legitime
Votre code de vérification est 4705. Ne le partagez avec personne.,legitime
Promo exclusive : gagnez un smartphone en envoyant ce code au ce numéro.,arnaque
"Coucou grand frère, j'ai cassé mon téléphone, envoie-moi 2500 francs CFA sur +228 91 45 67 89 stp.",arnaque
Urgent : votre compte T-Money est bloqué. Réactivez-le sur http://reclamation-gain.net avant 24h.,arnaque
Offre d'emploi à domicile : gagnez 2500 euros par jour sans expérience. Inscrivez-vous sur le lien ci-dessous.,arnaque
Ton salaire de 1000 F CFA a été viré sur ton compte ce matin.,legitime
"Bravo ! Vous êtes le 1000e visiteur, vous gagnez un smartphone. Réclamez sur http://bit.ly/3xR2k.",arnaque
Votre colis est bloqué à la douane. Payez 50000 francs CFA de frais sur ce lien pour le libérer.,arnaque
Urgent : votre compte Mixx by Yas est bloqué. Réactivez-le sur ce lien avant 24h.,arnaque
Réunion de projet demain à 14h en salle D.,legitime
Promo exclusive : gagnez un smartphone en envoyant ce code au le numéro 144.,arnaque
Promo exclusive : gagnez une moto en envoyant ce code au le 888.,arnaque
On se retrouve à la bibliothèque à 17h ?,legitime
Paiement réussi de 1 000 000 F CFA chez Pharmacie du Port. Nouveau solde disponible.,legitime
"Bonjour, tu viens manger ce soir ?",legitime
Moov Africa : ta facture de 75000 FCFA est disponible dans l'application.,legitime
Paiement réussi de 1000 FCFA chez Supermarché Champion. Nouveau solde disponible.,legitime
Réunion de projet demain à 14h en salle A.,legitime
"Coucou ma sœur, j'ai cassé mon téléphone, envoie-moi 500000 euros sur +228 91 45 67 89 stp.",arnaque
Urgent : votre compte Moov Africa est bloqué. Réactivez-le sur ce lien avant 24h.,arnaque
Votre colis est bloqué à la douane. Payez 1 000 000 FCFA de frais sur le lien ci-dessous pour le libérer.,arnaque
Togocom : profitez de 1000 F CFA de bonus sur votre forfait ce week-end.,legitime
"Votre virement de 500 euros pour Ama est validé. Pour annuler, appelez le service opposition au le numéro 144.",arnaque
Promo exclusive : gagnez une moto en envoyant ce code au ce numéro.,arnaque
Urgent : votre compte Mixx by Yas est bloqué. Réactivez-le sur http://bit.ly/3xR2k avant 24h.,arnaque
Félicitations ! Vous avez gagné 50000 francs CFA. Cliquez sur le lien ci-dessous pour réclamer votre prix.,arnaque
Prêt rapide sans justificatif : jusqu'à 5000 euros en 1h. Écrivez sur WhatsApp au +228 91 45 67 89.,arnaque
Votre code de vérification est 6993. Ne le partagez avec personne.,legitime
Mobile Money : profitez de 75000 francs CFA de bonus sur votre forfait ce week-end.,legitime
Paiement réussi de 50000 francs CFA chez Marché d'Adidogomé. Nouveau solde disponible.,legitime
Investissez 75000 F et recevez 1000 FCFA en 24h ! Contactez-nous sur WhatsApp au le numéro 144.,arnaque
Prêt rapide sans justificatif : jusqu'à 150000 FCFA en 1h. Écrivez sur WhatsApp au le 888.,arnaque
Félicitations ! Vous avez gagné 5000 FCFA. Cliquez sur www.verif-compte.com pour réclamer votre prix.,arnaque
Investissez 500000 € et recevez 50000 € en 24h ! Contactez-nous sur WhatsApp au le 888.,arnaque
Prêt rapide sans justificatif : jusqu'à 25000 F en 1h. Écrivez sur WhatsApp au +228 90 12 34 56.,arnaque
Réunion de projet demain à 10h en salle D.,legitime
Paiement réussi de 50000 F chez Pharmacie du Port. Nouveau solde disponible.,legitime
Paiement réussi de 2500 francs CFA chez Boutique Mixx. Nouveau solde disponible.,legitime
Votre bourse de 75000 FCFA est acceptée. Confirmez vos infos bancaires sur le lien ci-dessous.,arnaque
Promo exclusive : gagnez un cadeau exclusif en envoyant ce code au le numéro 144.,arnaque
Orange Money : ta facture de 1000 FCFA est disponible dans l'application.,legitime
Pense à charger ton ordinateur pour la présentation de demain.,legitime
On se retrouve à le café à 9h ?,legitime
Réunion de projet demain à 9h en salle D.,legitime
"Bravo ! Vous êtes le 1000e visiteur, vous gagnez une moto. Réclamez sur www.verif-compte.com.",arnaque
Ton salaire de 500 FCFA a été viré sur ton compte ce matin.,legitime
Paiement réussi de 100000 F CFA chez Pharmacie du Port. Nouveau solde disponible.,legitime
"Bravo ! Vous êtes le 10 000e visiteur, vous gagnez une moto. Réclamez sur ce lien.",arnaque
Paiement réussi de 25000 F CFA chez Station CAP. Nouveau solde disponible.,legitime
Investissez 500 FCFA et recevez 10000 euros en 24h ! Contactez-nous sur WhatsApp au +228 70 00 11 22.,arnaque
Urgent : votre compte T-Money est bloqué. Réactivez-le sur ce lien avant 24h.,arnaque
"Votre virement de 75000 euros pour Ama est validé. Pour annuler, appelez le service opposition au +228 70 00 11 22.",arnaque
Paiement réussi de 150000 F chez Station CAP. Nouveau solde disponible.,legitime
"Votre colis est bloqué à la douane. Payez 659,99 F de frais sur ce lien pour le libérer.",arnaque
"Coucou ma sœur, j'ai cassé mon téléphone, envoie-moi 100000 F sur le 888 stp.",arnaque
T-Money : profitez de 250000 F CFA de bonus sur votre forfait ce week-end.,legitime
"Bravo ! Vous êtes le 1000e visiteur, vous gagnez un cadeau exclusif. Réclamez sur www.verif-compte.com.",arnaque
"Un crédit de 500 francs CFA a été effectué sur votre compte Togocom. Pour confirmer, rappelez ce numéro.",arnaque
Votre code de vérification est 7743. Ne le partagez avec personne.,legitime
Le rendez-vous chez le dentiste est confirmé pour mardi.,legitime
"Votre virement de 1000 F CFA pour M. Mensah est validé. Pour annuler, appelez le service opposition au +228 70 00 11 22.",arnaque
Prêt rapide sans justificatif : jusqu'à 150000 € en 1h. Écrivez sur WhatsApp au le 888.,arnaque
Yas : profitez de 50000 F CFA de bonus sur votre forfait ce week-end.,legitime
Flooz : profitez de 75000 F de bonus sur votre forfait ce week-end.,legitime
"Bravo ! Vous êtes le 10 000e visiteur, vous gagnez un bon Amazon. Réclamez sur www.verif-compte.com.",arnaque
Votre code de vérification est 6799. Ne le partagez avec personne.,legitime
Félicitations ! Vous avez gagné 1000 euros. Cliquez sur le lien ci-dessous pour réclamer votre prix.,arnaque
Paiement réussi de 10000 F chez Boutique Mixx. Nouveau solde disponible.,legitime
"Votre virement de 500000 F CFA pour Ama est validé. Pour annuler, appelez le service opposition au le numéro 144.",arnaque
Yas : profitez de 50000 FCFA de bonus sur votre forfait ce week-end.,legitime
Votre colis est bloqué à la douane. Payez 500000 F CFA de frais sur le lien ci-dessous pour le libérer.,arnaque
Mobile Money : profitez de 50000 francs CFA de bonus sur votre forfait ce week-end.,legitime
Offre d'emploi à domicile : gagnez 150000 euros par jour sans expérience. Inscrivez-vous sur le lien ci-dessous.,arnaque
Félicitations ! Vous avez gagné 1 000 000 F CFA. Cliquez sur http://reclamation-gain.net pour réclamer votre prix.,arnaque
"Un crédit de 10000 F CFA a été effectué sur votre compte Mixx by Yas. Pour confirmer, rappelez +228 91 45 67 89.",arnaque
Réunion de projet demain à 16h en salle A.,legitime
Offre d'emploi à domicile : gagnez 10000 FCFA par jour sans expérience. Inscrivez-vous sur le lien ci-dessous.,arnaque
Investissez 5000 F CFA et recevez 1 000 000 € en 24h ! Contactez-nous sur WhatsApp au le numéro 144.,arnaque
Offre d'emploi à domicile : gagnez 10000 euros par jour sans expérience. Inscrivez-vous sur http://bit.ly/3xR2k.,arnaque
Votre bourse de 25000 francs CFA est acceptée. Confirmez vos infos bancaires sur http://bit.ly/3xR2k.,arnaque
Prêt rapide sans justificatif : jusqu'à 1 000 000 euros en 1h. Écrivez sur WhatsApp au +228 90 12 34 56.,arnaque
"Coucou maman, j'ai cassé mon téléphone, envoie-moi 500000 euros sur +228 70 00 11 22 stp.",arnaque
Yas : profitez de 5000 F de bonus sur votre forfait ce week-end.,legitime
On se retrouve à le café à 12h ?,legitime
Réunion de projet demain à 13h en salle A.,legitime
Paiement réussi de 10000 F chez Pharmacie du Port. Nouveau solde disponible.,legitime
Félicitations ! Vous avez gagné 250000 F CFA. Cliquez sur ce lien pour réclamer votre prix.,arnaque
Votre bourse de 25000 francs CFA est acceptée. Confirmez vos infos bancaires sur le lien ci-dessous.,arnaque
Promo exclusive : gagnez un bon Amazon en envoyant ce code au le 888.,arnaque
Paiement réussi de 5000 FCFA chez Boutique Mixx. Nouveau solde disponible.,legitime
Votre colis est bloqué à la douane. Payez 250000 FCFA de frais sur http://bit.ly/3xR2k pour le libérer.,arnaque
Ton salaire de 100000 francs CFA a été viré sur ton compte ce matin.,legitime
Flooz : profitez de 150000 FCFA de bonus sur votre forfait ce week-end.,legitime
"Votre virement de 5000 euros pour le bénéficiaire est validé. Pour annuler, appelez le service opposition au +228 70 00 11 22.",arnaque
Félicitations ! Vous avez gagné 500 F CFA. Cliquez sur le lien ci-dessous pour réclamer votre prix.,arnaque
"Votre virement de 2500 F CFA pour Koffi A. est validé. Pour annuler, appelez le service opposition au +228 70 00 11 22.",arnaque
"Coucou grand frère, j'ai cassé mon téléphone, envoie-moi 25000 € sur le 888 stp.",arnaque
Prêt rapide sans justificatif : jusqu'à 10000 francs CFA en 1h. Écrivez sur WhatsApp au +228 70 00 11 22.,arnaque
Réunion de projet demain à 11h en salle A.,legitime
Ton salaire de 250000 F CFA a été viré sur ton compte ce matin.,legitime
Mobile Money : ta facture de 25000 F est disponible dans l'application.,legitime
Urgent : votre compte Orange Money est bloqué. Réactivez-le sur http://bit.ly/3xR2k avant 24h.,arnaque
"Coucou papa, j'ai cassé mon téléphone, envoie-moi 500000 FCFA sur +228 90 12 34 56 stp.",arnaque
Ton salaire de 2500 francs CFA a été viré sur ton compte ce matin.,legitime
"Un crédit de 100000 FCFA a été effectué sur votre compte Yas. Pour confirmer, rappelez +228 91 45 67 89.",arnaque
Félicitations ! Vous avez gagné 200 F CFA. Cliquez sur http://bit.ly/3xR2k pour réclamer votre prix.,arnaque
"Bonjour, peux-tu m'envoyer le rapport avant demain ?",legitime
Offre d'emploi à domicile : gagnez 150000 FCFA par jour sans expérience. Inscrivez-vous sur http://bit.ly/3xR2k.,arnaque
"Coucou ma sœur, j'ai cassé mon téléphone, envoie-moi 50000 euros sur ce numéro stp.",arnaque
Paiement réussi de 150000 F CFA chez Boutique Mixx. Nouveau solde disponible.,legitime
Urgent : votre compte Mixx by Yas est bloqué. Réactivez-le sur http://reclamation-gain.net avant 24h.,arnaque
"Coucou maman, j'ai cassé mon téléphone, envoie-moi 25000 FCFA sur +228 90 12 34 56 stp.",arnaque
Paiement réussi de 10000 F chez Marché d'Adidogomé. Nouveau solde disponible.,legitime
"Votre virement de 2500 euros pour Ama est validé. Pour annuler, appelez le service opposition au +228 90 12 34 56.",arnaque
"Bravo ! Vous êtes le 10 000e visiteur, vous gagnez un smartphone. Réclamez sur www.verif-compte.com.",arnaque
Investissez 5000 euros et recevez 100000 francs CFA en 24h ! Contactez-nous sur WhatsApp au +228 91 45 67 89.,arnaque
Moov Africa : profitez de 100000 F CFA de bonus sur votre forfait ce week-end.,legitime
Votre bourse de 500000 francs CFA est acceptée. Confirmez vos infos bancaires sur www.verif-compte.com.,arnaque
"Prêt rapide sans justificatif : jusqu'à 659,99 F CFA en 1h. Écrivez sur WhatsApp au +228 70 00 11 22.",arnaque
Paiement réussi de 1000 F CFA chez Marché d'Adidogomé. Nouveau solde disponible.,legitime
Mobile Money : profitez de 2500 FCFA de bonus sur votre forfait ce week-end.,legitime
Votre code de vérification est 8454. Ne le partagez avec personne.,legitime
Offre d'emploi à domicile : gagnez 250000 € par jour sans expérience. Inscrivez-vous sur le lien ci-dessous.,arnaque
Togocom : ta facture de 150000 F est disponible dans l'application.,legitime
Réunion de projet demain à 14h en salle C.,legitime
"Bravo ! Vous êtes le 1000e visiteur, vous gagnez une moto. Réclamez sur ce lien.",arnaque
Prêt rapide sans justificatif : jusqu'à 1 000 000 € en 1h. Écrivez sur WhatsApp au le 888.,arnaque
"Un crédit de 5000 francs CFA a été effectué sur votre compte Flooz. Pour confirmer, rappelez +228 91 45 67 89.",arnaque
Mixx by Yas : profitez de 500000 F de bonus sur votre forfait ce week-end.,legitime
Flooz : ta facture de 75000 F CFA est disponible dans l'application.,legitime
Votre code de vérification est 5059. Ne le partagez avec personne.,legitime
Paiement réussi de 1 000 000 FCFA chez Station CAP. Nouveau solde disponible.,legitime
"Votre virement de 1000 F pour le bénéficiaire est validé. Pour annuler, appelez le service opposition au le numéro 144.",arnaque
Votre colis est bloqué à la douane. Payez 25000 F de frais sur http://reclamation-gain.net pour le libérer.,arnaque
Paiement réussi de 10000 FCFA chez Boutique Mixx. Nouveau solde disponible.,legitime
Yas : ta facture de 10000 francs CFA est disponible dans l'application.,legitime
Paiement réussi de 500000 F chez Station CAP. Nouveau solde disponible.,legitime
"Un crédit de 500000 F CFA a été effectué sur votre compte Moov Africa. Pour confirmer, rappelez le numéro 144.",arnaque
Urgent : votre compte Togocom est bloqué. Réactivez-le sur le lien ci-dessous avant 24h.,arnaque
Offre d'emploi à domicile : gagnez 10000 FCFA par jour sans expérience. Inscrivez-vous sur www.verif-compte.com.,arnaque
Félicitations ! Vous avez gagné 10000 F CFA. Cliquez sur le lien ci-dessous pour réclamer votre prix.,arnaque
Votre code de vérification est 7065. Ne le partagez avec personne.,legitime
T-Money : profitez de 100000 francs CFA de bonus sur votre forfait ce week-end.,legitime
"Coucou maman, j'ai cassé mon téléphone, envoie-moi 5000 F CFA sur le 888 stp.",arnaque
"Un crédit de 25000 FCFA a été effectué sur votre compte Mixx by Yas. Pour confirmer, rappelez +228 90 12 34 56.",arnaque
Moov Africa : profitez de 100000 francs CFA de bonus sur votre forfait ce week-end.,legitime
Togocom : ta facture de 1000 F est disponible dans l'application.,legitime
Urgent : votre compte Flooz est bloqué. Réactivez-le sur www.verif-compte.com avant 24h.,arnaque
Votre bourse de 25000 F est acceptée. Confirmez vos infos bancaires sur le lien ci-dessous.,arnaque
"Salut, tu viens manger ce soir vers 18h ?",legitime
Votre code de vérification est 8061. Ne le partagez avec personne.,legitime
Mobile Money : profitez de 25000 francs CFA de bonus sur votre forfait ce week-end.,legitime
Merci pour ton aide sur l'exercice de réseaux !,legitime
"Ton salaire de 659,99 francs CFA a été viré sur ton compte ce matin.",legitime
On se retrouve à la bibliothèque à 18h ?,legitime
Flooz : ta facture de 25000 francs CFA est disponible dans l'application.,legitime
"Coucou grand frère, j'ai cassé mon téléphone, envoie-moi 75000 FCFA sur le 888 stp.",arnaque
Moov Africa : profitez de 2500 FCFA de bonus sur votre forfait ce week-end.,legitime
Service Mixx by Yas : confirmez votre identité en nous renvoyant le code reçu par SMS.,arnaque
Togocom : profitez de 100000 francs CFA de bonus sur votre forfait ce week-end.,legitime
Promo exclusive : gagnez un cadeau exclusif en envoyant ce code au +228 91 45 67 89.,arnaque
Votre bourse de 10000 FCFA est acceptée. Confirmez vos infos bancaires sur ce lien.,arnaque
On se retrouve à l’entrée du campus à 10h ?,legitime
Offre d'emploi à domicile : gagnez 500 € par jour sans expérience. Inscrivez-vous sur http://reclamation-gain.net.,arnaque
"Orange Money : ta facture de 659,99 F est disponible dans l'application.",legitime
Ton salaire de 250000 francs CFA a été viré sur ton compte ce matin.,legitime
Yas : profitez de 200 FCFA de bonus sur votre forfait ce week-end.,legitime
Votre code de vérification est 5913. Ne le partagez avec personne.,legitime
"Coucou tonton, j'ai cassé mon téléphone, envoie-moi 100000 FCFA sur +228 91 45 67 89 stp.",arnaque
Urgent : votre compte Orange Money est bloqué. Réactivez-le sur ce lien avant 24h.,arnaque
Paiement réussi de 1 000 000 F chez Station CAP. Nouveau solde disponible.,legitime
Paiement réussi de 10000 FCFA chez Station CAP. Nouveau solde disponible.,legitime
"Votre virement de 500 francs CFA pour Ama est validé. Pour annuler, appelez le service opposition au le 888.",arnaque
Offre d'emploi à domicile : gagnez 200 francs CFA par jour sans expérience. Inscrivez-vous sur http://reclamation-gain.net.,arnaque
Votre code de vérification est 8834. Ne le partagez avec personne.,legitime
Prêt rapide sans justificatif : jusqu'à 250000 euros en 1h. Écrivez sur WhatsApp au +228 91 45 67 89.,arnaque
Mixx by Yas : profitez de 100000 F CFA de bonus sur votre forfait ce week-end.,legitime
Urgent : votre compte Togocom est bloqué. Réactivez-le sur www.verif-compte.com avant 24h.,arnaque
Offre d'emploi à domicile : gagnez 100000 euros par jour sans expérience. Inscrivez-vous sur www.verif-compte.com.,arnaque
Votre bourse de 1 000 000 FCFA est acceptée. Confirmez vos infos bancaires sur www.verif-compte.com.,arnaque
Moov Africa : profitez de 500000 F CFA de bonus sur votre forfait ce week-end.,legitime
Alerte sécurité : connexion suspecte sur votre compte. Vérifiez via ce lien immédiatement.,arnaque
Votre abonnement a expiré. Mettez à jour vos coordonnées bancaires sur ce lien.,arnaque
Ton salaire de 5000 FCFA a été viré sur ton compte ce matin.,legitime
"Mobile Money : profitez de 659,99 F CFA de bonus sur votre forfait ce week-end.",legitime
Votre code de vérification est 7980. Ne le partagez avec personne.,legitime
Flooz : profitez de 250000 FCFA de bonus sur votre forfait ce week-end.,legitime
Prêt rapide sans justificatif : jusqu'à 150000 F en 1h. Écrivez sur WhatsApp au ce numéro.,arnaque
Paiement réussi de 2500 F chez Pharmacie du Port. Nouveau solde disponible.,legitime
Votre code de vérification est 5695. Ne le partagez avec personne.,legitime
Ton salaire de 10000 francs CFA a été viré sur ton compte ce matin.,legitime
Flooz : ta facture de 200 F CFA est disponible dans l'application.,legitime
Paiement réussi de 500 F CFA chez Boutique Mixx. Nouveau solde disponible.,legitime
Ton salaire de 10000 F CFA a été viré sur ton compte ce matin.,legitime
Paiement réussi de 25000 FCFA chez Boutique Mixx. Nouveau solde disponible.,legitime
Offre d'emploi à domicile : gagnez 100000 francs CFA par jour sans expérience. Inscrivez-vous sur http://bit.ly/3xR2k.,arnaque
Votre code de vérification est 6934. Ne le partagez avec personne.,legitime
"Coucou tonton, j'ai cassé mon téléphone, envoie-moi 1000 F CFA sur +228 90 12 34 56 stp.",arnaque
Votre code de vérification est 3911. Ne le partagez avec personne.,legitime
Yas : ta facture de 75000 FCFA est disponible dans l'application.,legitime
Réunion de projet demain à 10h en salle B.,legitime
"Votre bourse de 659,99 F CFA est acceptée. Confirmez vos infos bancaires sur ce lien.",arnaque
"Votre virement de 659,99 € pour le bénéficiaire Marc Dupont est validé. Pour annuler, contactez le service opposition.",arnaque
Paiement réussi de 1 000 000 francs CFA chez Supermarché Champion. Nouveau solde disponible.,legitime
Votre colis est bloqué à la douane. Payez 50000 euros de frais sur www.verif-compte.com pour le libérer.,arnaque
"Votre bourse de 659,99 FCFA est acceptée. Confirmez vos infos bancaires sur ce lien.",arnaque
"Un crédit de 659,99 francs CFA a été effectué sur votre compte Togocom. Pour confirmer, rappelez le 888.",arnaque
Mobile Money : ta facture de 150000 FCFA est disponible dans l'application.,legitime
Yas : profitez de 500 FCFA de bonus sur votre forfait ce week-end.,legitime
Votre code de vérification est 2069. Ne le partagez avec personne.,legitime
Votre code de vérification est 7171. Ne le partagez avec personne.,legitime
Félicitations ! Vous avez gagné 50000 F CFA. Cliquez sur http://reclamation-gain.net pour réclamer votre prix.,arnaque
Félicitations ! Vous avez gagné 250000 F CFA. Cliquez sur www.verif-compte.com pour réclamer votre prix.,arnaque
Votre colis est bloqué à la douane. Payez 250000 euros de frais sur ce lien pour le libérer.,arnaque
Investissez 25000 francs CFA et recevez 200 € en 24h ! Contactez-nous sur WhatsApp au +228 90 12 34 56.,arnaque
Flooz : profitez de 1000 francs CFA de bonus sur votre forfait ce week-end.,legitime
Félicitations ! Vous avez gagné 500 euros. Cliquez sur http://reclamation-gain.net pour réclamer votre prix.,arnaque
Votre code de vérification est 6846. Ne le partagez avec personne.,legitime
Réunion de projet demain à 12h en salle D.,legitime
Mobile Money : ta facture de 1000 F CFA est disponible dans l'application.,legitime
"Votre virement de 500 euros pour M. Mensah est validé. Pour annuler, appelez le service opposition au +228 70 00 11 22.",arnaque
Votre code de vérification est 7524. Ne le partagez avec personne.,legitime
Offre d'emploi à domicile : gagnez 100000 F par jour sans expérience. Inscrivez-vous sur ce lien.,arnaque
"Un crédit de 10000 FCFA a été effectué sur votre compte Togocom. Pour confirmer, rappelez le numéro 144.",arnaque
Paiement réussi de 500 francs CFA chez Pharmacie du Port. Nouveau solde disponible.,legitime
"Bravo ! Vous êtes le 10 000e visiteur, vous gagnez un cadeau exclusif. Réclamez sur http://reclamation-gain.net.",arnaque
Offre d'emploi à domicile : gagnez 50000 F CFA par jour sans expérience. Inscrivez-vous sur le lien ci-dessous.,arnaque
T-Money : ta facture de 10000 F CFA est disponible dans l'application.,legitime
Bénéficie de 50% de bonus val 1j sur tout achat de forfait appel.,legitime
Ton salaire de 25000 F CFA a été viré sur ton compte ce matin.,legitime
Yas : profitez de 50000 francs CFA de bonus sur votre forfait ce week-end.,legitime
Votre code de vérification est 2789. Ne le partagez avec personne.,legitime
"Prêt rapide sans justificatif : jusqu'à 659,99 FCFA en 1h. Écrivez sur WhatsApp au +228 70 00 11 22.",arnaque
Paiement réussi de 200 F chez Boutique Mixx. Nouveau solde disponible.,legitime
"Coucou ma sœur, j'ai cassé mon téléphone, envoie-moi 500 F sur +228 90 12 34 56 stp.",arnaque
Votre bourse de 200 FCFA est acceptée. Confirmez vos infos bancaires sur www.verif-compte.com.,arnaque
"Coucou tonton, j'ai cassé mon téléphone, envoie-moi 75000 euros sur +228 70 00 11 22 stp.",arnaque
Paiement réussi de 25000 FCFA chez Supermarché Champion. Nouveau solde disponible.,legitime
Ton salaire de 10000 F a été viré sur ton compte ce matin.,legitime
Yas : profitez de 250000 F de bonus sur votre forfait ce week-end.,legitime
On se retrouve à l’entrée du campus à 14h ?,legitime
Merci pour ton aide sur l'exercice de stats !,legitime
"Un crédit de 250000 F CFA a été effectué sur votre compte Mixx by Yas. Pour confirmer, rappelez le numéro 144.",arnaque
"Coucou grand frère, j'ai cassé mon téléphone, envoie-moi 10000 euros sur le 888 stp.",arnaque
"Bravo ! Vous êtes le 1 000 000e visiteur, vous gagnez un cadeau exclusif. Réclamez sur le lien ci-dessous.",arnaque
Votre code de vérification est 4594. Ne le partagez avec personne.,legitime
Mobile Money : ta facture de 200 F est disponible dans l'application.,legitime
Ton salaire de 200 FCFA a été viré sur ton compte ce matin.,legitime
Flooz : ta facture de 150000 FCFA est disponible dans l'application.,legitime
Investissez 1000 F et recevez 500000 € en 24h ! Contactez-nous sur WhatsApp au +228 91 45 67 89.,arnaque
Votre colis est bloqué à la douane. Payez 25000 FCFA de frais sur ce lien pour le libérer.,arnaque
"Coucou grand frère, j'ai cassé mon téléphone, envoie-moi 50000 FCFA sur +228 91 45 67 89 stp.",arnaque
"Frais de douane impayés pour votre colis international, réglez ici pour le recevoir.",arnaque
Investissez 100000 F et recevez 75000 francs CFA en 24h ! Contactez-nous sur WhatsApp au ce numéro.,arnaque
Votre code de vérification est 1440. Ne le partagez avec personne.,legitime
Paiement réussi de 1000 francs CFA chez Pharmacie du Port. Nouveau solde disponible.,legitime
Prêt rapide sans justificatif : jusqu'à 500 FCFA en 1h. Écrivez sur WhatsApp au +228 91 45 67 89.,arnaque
Ton salaire de 500000 F a été viré sur ton compte ce matin.,legitime
Urgent : votre compte Yas est bloqué. Réactivez-le sur www.verif-compte.com avant 24h.,arnaque
Ton salaire de 250000 F a été viré sur ton compte ce matin.,legitime
Alerte sécurité : connexion suspecte sur votre compte. Vérifiez via http://bit.ly/3xR2k immédiatement.,arnaque
"Votre virement de 25000 francs CFA pour le bénéficiaire est validé. Pour annuler, appelez le service opposition au +228 70 00 11 22.",arnaque
Promo exclusive : gagnez un iPhone 15 en envoyant ce code au +228 70 00 11 22.,arnaque
"Coucou papa, j'ai cassé mon téléphone, envoie-moi 75000 F sur +228 91 45 67 89 stp.",arnaque
"Un crédit de 100000 F CFA a été effectué sur votre compte Yas. Pour confirmer, rappelez +228 91 45 67 89.",arnaque
"Coucou maman, j'ai cassé mon téléphone, envoie-moi 5000 F CFA sur le numéro 144 stp.",arnaque
Prêt rapide sans justificatif : jusqu'à 250000 francs CFA en 1h. Écrivez sur WhatsApp au +228 70 00 11 22.,arnaque
Votre bourse de 500 FCFA est acceptée. Confirmez vos infos bancaires sur www.verif-compte.com.,arnaque
Prêt rapide sans justificatif : jusqu'à 150000 FCFA en 1h. Écrivez sur WhatsApp au +228 90 12 34 56.,arnaque
Votre code de vérification est 8492. Ne le partagez avec personne.,legitime
Votre code de vérification est 4968. Ne le partagez avec personne.,legitime
Moov Africa : profitez de 250000 FCFA de bonus sur votre forfait ce week-end.,legitime
Votre code de vérification est 7270. Ne le partagez avec personne.,legitime
Votre code de vérification est 8096. Ne le partagez avec personne.,legitime
"Votre virement de 75000 euros pour Jean K. est validé. Pour annuler, appelez le service opposition au +228 70 00 11 22.",arnaque
Paiement réussi de 500000 FCFA chez Marché d'Adidogomé. Nouveau solde disponible.,legitime
"Votre virement de 100000 € pour le bénéficiaire est validé. Pour annuler, appelez le service opposition au +228 90 12 34 56.",arnaque
Paiement réussi de 75000 F chez Supermarché Champion. Nouveau solde disponible.,legitime
Votre code de vérification est 2506. Ne le partagez avec personne.,legitime
Réunion de projet demain à 12h en salle C.,legitime
Yas : ta facture de 50000 FCFA est disponible dans l'application.,legitime
"Investissez 659,99 FCFA et recevez 5000 F en 24h ! Contactez-nous sur WhatsApp au ce numéro.",arnaque
"Salut, tu viens manger ce soir vers 19h ?",legitime
Réunion de projet demain à 8h en salle A.,legitime
Paiement réussi de 25000 F chez Boutique Mixx. Nouveau solde disponible.,legitime
On se retrouve à l’entrée du campus à 17h ?,legitime
Le cours de Python est déplacé à lundi.,legitime
Votre code de vérification est 5127. Ne le partagez avec personne.,legitime
Yas : ta facture de 5000 FCFA est disponible dans l'application.,legitime
Votre code de vérification est 7375. Ne le partagez avec personne.,legitime
Prêt rapide sans justificatif : jusqu'à 1 000 000 euros en 1h. Écrivez sur WhatsApp au le numéro 144.,arnaque
Yas : ta facture de 500 F est disponible dans l'application.,legitime
Votre code de vérification est 5584. Ne le partagez avec personne.,legitime
Offre d'emploi à domicile : gagnez 500000 F CFA par jour sans expérience. Inscrivez-vous sur le lien ci-dessous.,arnaque
"Mobile Money : ta facture de 659,99 F est disponible dans l'application.",legitime
"Coucou maman, j'ai cassé mon téléphone, envoie-moi 5000 € sur +228 70 00 11 22 stp.",arnaque
Investissez 200 F CFA et recevez 500000 FCFA en 24h ! Contactez-nous sur WhatsApp au ce numéro.,arnaque
Votre colis est bloqué à la douane. Payez 500000 F de frais sur le lien ci-dessous pour le libérer.,arnaque
Votre code de vérification est 8207. Ne le partagez avec personne.,legitime
Votre bourse de 1000 F est acceptée. Confirmez vos infos bancaires sur ce lien.,arnaque
T-Money : ta facture de 25000 F est disponible dans l'application.,legitime
Mobile Money : ta facture de 250000 F CFA est disponible dans l'application.,legitime
Ton salaire de 50000 F a été viré sur ton compte ce matin.,legitime
"Coucou tonton, j'ai cassé mon téléphone, envoie-moi 150000 € sur +228 90 12 34 56 stp.",arnaque
On se retrouve à l’entrée du campus à 9h ?,legitime
Votre code de vérification est 9133. Ne le partagez avec personne.,legitime
Votre bourse de 500000 F CFA est acceptée. Confirmez vos infos bancaires sur http://bit.ly/3xR2k.,arnaque
On se retrouve à l'entrée de l'université.,legitime
On se retrouve à l’entrée du campus à 18h ?,legitime
Votre bourse de 150000 FCFA est acceptée. Confirmez vos infos bancaires sur http://bit.ly/3xR2k.,arnaque
T-Money : profitez de 500000 F de bonus sur votre forfait ce week-end.,legitime
"Votre virement de 2500 F CFA pour M. Mensah est validé. Pour annuler, appelez le service opposition au le numéro 144.",arnaque
"Paiement réussi de 659,99 F CFA chez Supermarché Champion. Nouveau solde disponible.",legitime
Votre code de vérification est 6499. Ne le partagez avec personne.,legitime
Votre bourse de 50000 euros est acceptée. Confirmez vos infos bancaires sur http://bit.ly/3xR2k.,arnaque
Votre colis est bloqué à la douane. Payez 10000 F CFA de frais sur le lien ci-dessous pour le libérer.,arnaque
Votre code de vérification est 7642. Ne le partagez avec personne.,legitime
"Yas : profitez de 659,99 F de bonus sur votre forfait ce week-end.",legitime
Réunion de projet demain à 15h en salle A.,legitime
Prêt rapide sans justificatif : jusqu'à 1 000 000 F CFA en 1h. Écrivez sur WhatsApp au +228 70 00 11 22.,arnaque
Votre colis est bloqué à la douane. Payez 50000 euros de frais sur http://reclamation-gain.net pour le libérer.,arnaque
Investissez 100000 euros et recevez 250000 € en 24h ! Contactez-nous sur WhatsApp au +228 70 00 11 22.,arnaque
"Un crédit de 500 francs CFA a été effectué sur votre compte Orange Money. Pour confirmer, rappelez le numéro 144.",arnaque
Flooz : ta facture de 1 000 000 francs CFA est disponible dans l'application.,legitime
Paiement réussi de 200 francs CFA chez Pharmacie du Port. Nouveau solde disponible.,legitime
"Coucou grand frère, j'ai cassé mon téléphone, envoie-moi 1000 € sur ce numéro stp.",arnaque
Investissez 75000 F CFA et recevez 75000 francs CFA en 24h ! Contactez-nous sur WhatsApp au +228 91 45 67 89.,arnaque
Paiement réussi de 500000 FCFA chez Supermarché Champion. Nouveau solde disponible.,legitime
Moov Africa : ta facture de 500000 FCFA est disponible dans l'application.,legitime
Paiement réussi de 50000 F CFA chez Marché d'Adidogomé. Nouveau solde disponible.,legitime
Votre code de vérification est 2430. Ne le partagez avec personne.,legitime
On se retrouve à le café à 18h ?,legitime
Ton salaire de 1 000 000 F CFA a été viré sur ton compte ce matin.,legitime
Merci pour ton aide sur l'exercice de code !,legitime
T-Money : profitez de 50000 FCFA de bonus sur votre forfait ce week-end.,legitime
Votre code de vérification est 2343. Ne le partagez avec personne.,legitime
Votre code de vérification est 1654. Ne le partagez avec personne.,legitime
Mobile Money : ta facture de 100000 francs CFA est disponible dans l'application.,legitime
Paiement réussi de 1 000 000 francs CFA chez Pharmacie du Port. Nouveau solde disponible.,legitime
Votre code de vérification est 7666. Ne le partagez avec personne.,legitime
Ton salaire de 5000 F CFA a été viré sur ton compte ce matin.,legitime
Promo exclusive : gagnez une moto en envoyant ce code au +228 90 12 34 56.,arnaque
Offre d'emploi à domicile : gagnez 10000 euros par jour sans expérience. Inscrivez-vous sur ce lien.,arnaque
Votre code de vérification est 8822. Ne le partagez avec personne.,legitime
Prêt rapide sans justificatif : jusqu'à 150000 F en 1h. Écrivez sur WhatsApp au +228 70 00 11 22.,arnaque
Paiement réussi de 75000 F chez Station CAP. Nouveau solde disponible.,legitime
Votre colis est bloqué à la douane. Payez 1 000 000 F CFA de frais sur le lien ci-dessous pour le libérer.,arnaque
Moov Africa : ta facture de 200 FCFA est disponible dans l'application.,legitime
Votre colis est bloqué à la douane. Payez 10000 F de frais sur http://bit.ly/3xR2k pour le libérer.,arnaque
Votre code de vérification est 2584. Ne le partagez avec personne.,legitime
Moov Africa : profitez de 500 FCFA de bonus sur votre forfait ce week-end.,legitime
Mixx by Yas : profitez de 1 000 000 FCFA de bonus sur votre forfait ce week-end.,legitime
Réunion de projet demain à 13h en salle D.,legitime
Togocom : profitez de 250000 francs CFA de bonus sur votre forfait ce week-end.,legitime
Paiement réussi de 500000 FCFA chez Station CAP. Nouveau solde disponible.,legitime
"Coucou maman, j'ai cassé mon téléphone, envoie-moi 200 € sur +228 91 45 67 89 stp.",arnaque
Yas : ta facture de 25000 francs CFA est disponible dans l'application.,legitime
Félicitations ! Vous avez gagné 1 000 000 euros. Cliquez sur http://bit.ly/3xR2k pour réclamer votre prix.,arnaque
Paiement réussi de 250000 FCFA chez Marché d'Adidogomé. Nouveau solde disponible.,legitime
"Salut, tu viens manger ce soir vers 21h ?",legitime
Paiement réussi de 25000 francs CFA chez Boutique Mixx. Nouveau solde disponible.,legitime
"Votre virement de 100000 FCFA pour M. Mensah est validé. Pour annuler, appelez le service opposition au le 888.",arnaque
Yas : profitez de 75000 F CFA de bonus sur votre forfait ce week-end.,legitime
Yas : profitez de 1000 F de bonus sur votre forfait ce week-end.,legitime
Urgent : votre compte Orange Money est bloqué. Réactivez-le sur www.verif-compte.com avant 24h.,arnaque
Félicitations ! Vous avez gagné 2500 F. Cliquez sur http://bit.ly/3xR2k pour réclamer votre prix.,arnaque
"Salut, tu viens manger ce soir vers 20h ?",legitime
"Votre virement de 1000 francs CFA pour Ama est validé. Pour annuler, appelez le service opposition au +228 70 00 11 22.",arnaque
Réunion de projet demain à 16h en salle C.,legitime
Votre code de vérification est 7221. Ne le partagez avec personne.,legitime
"Bravo ! Vous êtes le 1000e visiteur, vous gagnez une moto. Réclamez sur le lien ci-dessous.",arnaque
"Un crédit de 500 € a été effectué sur votre compte T-Money. Pour confirmer, rappelez ce numéro.",arnaque
"Ton salaire de 659,99 F a été viré sur ton compte ce matin.",legitime
Votre code de vérification est 7887. Ne le partagez avec personne.,legitime
Orange Money : profitez de 200 F CFA de bonus sur votre forfait ce week-end.,legitime
Yas : profitez de 200 francs CFA de bonus sur votre forfait ce week-end.,legitime
Mixx by Yas : ta facture de 10000 francs CFA est disponible dans l'application.,legitime
Mixx by Yas : ta facture de 2500 F est disponible dans l'application.,legitime
Paiement réussi de 250000 FCFA chez Station CAP. Nouveau solde disponible.,legitime
Le cours de réseaux est déplacé à jeudi.,legitime
"Votre virement de 25000 F pour Marc Dupont est validé. Pour annuler, appelez le service opposition au le 888.",arnaque
On se retrouve à la bibliothèque à 14h ?,legitime
Réunion de projet demain à 8h en salle D.,legitime
Moov Africa : profitez de 5000 F de bonus sur votre forfait ce week-end.,legitime
Félicitations ! Vous avez gagné 150000 F CFA. Cliquez sur ce lien pour réclamer votre prix.,arnaque
Votre code de vérification est 9255. Ne le partagez avec personne.,legitime
"Votre virement de 500000 F CFA pour Marc Dupont est validé. Pour annuler, appelez le service opposition au +228 90 12 34 56.",arnaque
Promo exclusive : gagnez un iPhone 15 en envoyant ce code au ce numéro.,arnaque
Mixx by Yas : profitez de 1 000 000 francs CFA de bonus sur votre forfait ce week-end.,legitime
Mixx by Yas : profitez de 1 000 000 F CFA de bonus sur votre forfait ce week-end.,legitime
Investissez 150000 euros et recevez 100000 F en 24h ! Contactez-nous sur WhatsApp au ce numéro.,arnaque
Investissez 1 000 000 F et recevez 500000 F CFA en 24h ! Contactez-nous sur WhatsApp au +228 90 12 34 56.,arnaque
Investissez 75000 euros et recevez 500 F en 24h ! Contactez-nous sur WhatsApp au le 888.,arnaque
Ton salaire de 200 francs CFA a été viré sur ton compte ce matin.,legitime
Votre colis est bloqué à la douane. Payez 1000 FCFA de frais sur http://bit.ly/3xR2k pour le libérer.,arnaque
Votre bourse de 500000 francs CFA est acceptée. Confirmez vos infos bancaires sur le lien ci-dessous.,arnaque
Orange Money : ta facture de 75000 F CFA est disponible dans l'application.,legitime
Offre d'emploi à domicile : gagnez 250000 euros par jour sans expérience. Inscrivez-vous sur le lien ci-dessous.,arnaque
Prêt rapide sans justificatif : jusqu'à 10000 euros en 1h. Écrivez sur WhatsApp au +228 70 00 11 22.,arnaque
"Investissez 659,99 F et recevez 100000 € en 24h ! Contactez-nous sur WhatsApp au ce numéro.",arnaque
Votre code de vérification est 7783. Ne le partagez avec personne.,legitime
"Un crédit de 50000 francs CFA a été effectué sur votre compte Flooz. Pour confirmer, rappelez le 888.",arnaque
T-Money : profitez de 75000 francs CFA de bonus sur votre forfait ce week-end.,legitime
"Coucou papa, j'ai cassé mon téléphone, envoie-moi 1000 F CFA sur +228 70 00 11 22 stp.",arnaque
"Un crédit de 150000 euros a été effectué sur votre compte T-Money. Pour confirmer, rappelez +228 90 12 34 56.",arnaque
Investissez 250000 F et recevez 2500 FCFA en 24h ! Contactez-nous sur WhatsApp au +228 91 45 67 89.,arnaque
"Coucou grand frère, j'ai cassé mon téléphone, envoie-moi 250000 euros sur +228 91 45 67 89 stp.",arnaque
On se retrouve à l’entrée du campus à 15h ?,legitime
"Coucou maman, j'ai cassé mon téléphone, envoie-moi 100000 FCFA sur ce numéro stp.",arnaque
Ton salaire de 500000 francs CFA a été viré sur ton compte ce matin.,legitime
Mixx by Yas : ta facture de 1000 F est disponible dans l'application.,legitime
Paiement réussi de 250000 FCFA chez Supermarché Champion. Nouveau solde disponible.,legitime
Ton salaire de 25000 F a été viré sur ton compte ce matin.,legitime
Offre d'emploi à domicile : gagnez 25000 F CFA par jour sans expérience. Inscrivez-vous sur http://bit.ly/3xR2k.,arnaque
On se retrouve à le café à 17h ?,legitime
Urgent : votre compte Yas est bloqué. Réactivez-le sur ce lien avant 24h.,arnaque
"Coucou papa, j'ai cassé mon téléphone, envoie-moi 500000 € sur ce numéro stp.",arnaque
Urgent : votre compte Yas est bloqué. Réactivez-le sur http://reclamation-gain.net avant 24h.,arnaque
Votre bourse de 1 000 000 F est acceptée. Confirmez vos infos bancaires sur le lien ci-dessous.,arnaque
Votre colis est bloqué à la douane. Payez 2500 FCFA de frais sur http://bit.ly/3xR2k pour le libérer.,arnaque
"Votre virement de 200 € pour Koffi A. est validé. Pour annuler, appelez le service opposition au +228 91 45 67 89.",arnaque
Réunion de projet demain à 9h en salle B.,legitime
Félicitations ! Vous avez gagné 200 euros. Cliquez sur http://bit.ly/3xR2k pour réclamer votre prix.,arnaque
Togocom : ta facture de 75000 francs CFA est disponible dans l'application.,legitime
"Un crédit de 250000 € a été effectué sur votre compte Flooz. Pour confirmer, rappelez ce numéro.",arnaque
On se retrouve à le café à 13h ?,legitime
Prêt rapide sans justificatif : jusqu'à 100000 € en 1h. Écrivez sur WhatsApp au +228 70 00 11 22.,arnaque
Réunion de projet demain à 13h en salle C.,legitime
Votre code de vérification est 4471. Ne le partagez avec personne.,legitime
Orange Money : profitez de 25000 F CFA de bonus sur votre forfait ce week-end.,legitime
Votre colis est bloqué à la douane. Payez 75000 € de frais sur ce lien pour le libérer.,arnaque
"Yas : ta facture de 659,99 francs CFA est disponible dans l'application.",legitime
Votre colis est bloqué à la douane. Payez 50000 € de frais sur http://bit.ly/3xR2k pour le libérer.,arnaque
Paiement réussi de 25000 francs CFA chez Supermarché Champion. Nouveau solde disponible.,legitime
"Offre d'emploi à domicile : gagnez 659,99 F par jour sans expérience. Inscrivez-vous sur ce lien.",arnaque
Service Mobile Money : confirmez votre identité en nous renvoyant le code reçu par SMS.,arnaque
Paiement réussi de 5000 FCFA chez Station CAP. Nouveau solde disponible.,legitime
Paiement réussi de 75000 francs CFA chez Marché d'Adidogomé. Nouveau solde disponible.,legitime
Yas : profitez de 10000 FCFA de bonus sur votre forfait ce week-end.,legitime
Votre colis est bloqué à la douane. Payez 250000 francs CFA de frais sur http://bit.ly/3xR2k pour le libérer.,arnaque
Promo exclusive : gagnez une moto en envoyant ce code au +228 91 45 67 89.,arnaque
Prêt rapide sans justificatif : jusqu'à 100000 francs CFA en 1h. Écrivez sur WhatsApp au le numéro 144.,arnaque
On se retrouve à le café à 14h ?,legitime
Votre code de vérification est 4014. Ne le partagez avec personne.,legitime
"Votre colis est bloqué à la douane. Payez 659,99 F CFA de frais sur http://bit.ly/3xR2k pour le libérer.",arnaque
Mixx x HABIBI : FUFU Power King à 97 750 FCFA au lieu de 115 000.,legitime
"Coucou tonton, j'ai cassé mon téléphone, envoie-moi 1000 FCFA sur le numéro 144 stp.",arnaque
Votre code de vérification est 5742. Ne le partagez avec personne.,legitime
Votre code de vérification est 8393. Ne le partagez avec personne.,legitime
Alerte sécurité : connexion suspecte sur votre compte. Vérifiez via http://reclamation-gain.net immédiatement.,arnaque
Ton salaire de 75000 F a été viré sur ton compte ce matin.,legitime
Offre d'emploi à domicile : gagnez 25000 francs CFA par jour sans expérience. Inscrivez-vous sur le lien ci-dessous.,arnaque
"Coucou tonton, j'ai cassé mon téléphone, envoie-moi 5000 F sur le 888 stp.",arnaque
Réunion de projet demain à 13h en salle B.,legitime
Yas : ta facture de 500000 FCFA est disponible dans l'application.,legitime
Ton salaire de 75000 francs CFA a été viré sur ton compte ce matin.,legitime
"Bravo ! Vous êtes le 10 000e visiteur, vous gagnez une moto. Réclamez sur www.verif-compte.com.",arnaque
Investissez 250000 € et recevez 25000 F CFA en 24h ! Contactez-nous sur WhatsApp au le numéro 144.,arnaque
"Bravo ! Vous êtes le 10 000e visiteur, vous gagnez un smartphone. Réclamez sur ce lien.",arnaque
Togocom : profitez de 500 FCFA de bonus sur votre forfait ce week-end.,legitime
Paiement réussi de 100000 FCFA chez Pharmacie du Port. Nouveau solde disponible.,legitime
Prêt rapide sans justificatif : jusqu'à 150000 euros en 1h. Écrivez sur WhatsApp au +228 70 00 11 22.,arnaque
Investissez 10000 € et recevez 5000 euros en 24h ! Contactez-nous sur WhatsApp au +228 70 00 11 22.,arnaque
Prêt rapide sans justificatif : jusqu'à 200 € en 1h. Écrivez sur WhatsApp au +228 90 12 34 56.,arnaque
"Un crédit de 50000 euros a été effectué sur votre compte Mixx by Yas. Pour confirmer, rappelez +228 90 12 34 56.",arnaque
"Coucou maman, j'ai cassé mon téléphone, envoie-moi de l'argent sur ce nouveau numéro.",arnaque
Mixx by Yas : ta facture de 75000 F CFA est disponible dans l'application.,legitime
Réunion de projet demain à 17h en salle A.,legitime
"Votre virement de 1 000 000 francs CFA pour Jean K. est validé. Pour annuler, appelez le service opposition au le numéro 144.",arnaque
Mobile Money : profitez de 1000 francs CFA de bonus sur votre forfait ce week-end.,legitime
"Votre virement de 50000 F CFA pour le bénéficiaire est validé. Pour annuler, appelez le service opposition au +228 91 45 67 89.",arnaque
Investissez 1 000 000 F et recevez 500000 F CFA en 24h ! Contactez-nous sur WhatsApp au le numéro 144.,arnaque
Urgent : votre compte Flooz est bloqué. Réactivez-le sur ce lien avant 24h.,arnaque
Réunion de projet demain à 12h en salle A.,legitime
Votre bourse de 25000 FCFA est acceptée. Confirmez vos infos bancaires sur www.verif-compte.com.,arnaque
"Bravo ! Vous êtes le 1 000 000e visiteur, vous gagnez un smartphone. Réclamez sur www.verif-compte.com.",arnaque
"Bravo ! Vous êtes le 1000e visiteur, vous gagnez un smartphone. Réclamez sur le lien ci-dessous.",arnaque
Ton salaire de 25000 francs CFA a été viré sur ton compte ce matin.,legitime
Mobile Money : profitez de 150000 F de bonus sur votre forfait ce week-end.,legitime
Orange Money : ta facture de 2500 F est disponible dans l'application.,legitime
Moov Africa : ta facture de 5000 F est disponible dans l'application.,legitime
"Coucou grand frère, j'ai cassé mon téléphone, envoie-moi 1000 F CFA sur +228 70 00 11 22 stp.",arnaque
Paiement réussi de 500 FCFA chez Supermarché Champion. Nouveau solde disponible.,legitime
"Mobile Money : profitez de 659,99 francs CFA de bonus sur votre forfait ce week-end.",legitime
"Paiement réussi de 659,99 FCFA chez Supermarché Champion. Nouveau solde disponible.",legitime
Urgent : votre compte Flooz est bloqué. Réactivez-le sur le lien ci-dessous avant 24h.,arnaque
Réunion de projet demain à 15h en salle B.,legitime
Flooz : profitez de 5000 francs CFA de bonus sur votre forfait ce week-end.,legitime
Votre code de vérification est 1894. Ne le partagez avec personne.,legitime
Ton salaire de 25000 FCFA a été viré sur ton compte ce matin.,legitime
Félicitations ! Vous avez gagné 250000 FCFA. Cliquez sur ce lien pour réclamer votre prix.,arnaque
Votre code de vérification est 3847. Ne le partagez avec personne.,legitime
Orange Money : ta facture de 1 000 000 F CFA est disponible dans l'application.,legitime
"Coucou maman, j'ai cassé mon téléphone, envoie-moi 25000 francs CFA sur le numéro 144 stp.",arnaque
Votre code de vérification est 2016. Ne le partagez avec personne.,legitime
Paiement réussi de 150000 FCFA chez Station CAP. Nouveau solde disponible.,legitime
"Coucou ma sœur, j'ai cassé mon téléphone, envoie-moi 659,99 F sur +228 70 00 11 22 stp.",arnaque
"Coucou maman, j'ai cassé mon téléphone, envoie-moi 150000 francs CFA sur +228 91 45 67 89 stp.",arnaque
Votre code de vérification est 5489. Ne le partagez avec personne.,legitime
Ton salaire de 1 000 000 FCFA a été viré sur ton compte ce matin.,legitime
Ton salaire de 500 F a été viré sur ton compte ce matin.,legitime
Votre colis est bloqué à la douane. Payez 500000 euros de frais sur http://bit.ly/3xR2k pour le libérer.,arnaque
"Salut..! Comme vous le savez c'est votre international Emmanuel Adebayor Sheyi, j'organise un don...",arnaque
Service T-Money : confirmez votre identité en nous renvoyant le code reçu par SMS.,arnaque
Félicitations ! Vous avez gagné 200 FCFA. Cliquez sur le lien ci-dessous pour réclamer votre prix.,arnaque
Votre colis est bloqué à la douane. Payez 75000 F CFA de frais sur www.verif-compte.com pour le libérer.,arnaque
Félicitations ! Vous avez gagné 500000 F. Cliquez sur le lien ci-dessous pour réclamer votre prix.,arnaque
Moov Africa : profitez de 250000 F CFA de bonus sur votre forfait ce week-end.,legitime
Votre colis est bloqué à la douane. Payez 2500 € de frais sur www.verif-compte.com pour le libérer.,arnaque
Félicitations ! Vous avez gagné 500000 euros. Cliquez sur http://bit.ly/3xR2k pour réclamer votre prix.,arnaque
Paiement réussi de 10000 francs CFA chez Marché d'Adidogomé. Nouveau solde disponible.,legitime
"Un crédit de 1000 FCFA a été effectué sur votre compte Moov Africa. Pour confirmer, rappelez ce numéro.",arnaque
Offre d'emploi à domicile : gagnez 500 F par jour sans expérience. Inscrivez-vous sur ce lien.,arnaque
Félicitations ! Vous avez gagné 1 000 000 francs CFA. Cliquez sur http://reclamation-gain.net pour réclamer votre prix.,arnaque
Votre code de vérification est 3580. Ne le partagez avec personne.,legitime
"Coucou grand frère, j'ai cassé mon téléphone, envoie-moi 500 euros sur le 888 stp.",arnaque
On se retrouve à la bibliothèque à 9h ?,legitime
"Votre virement de 1 000 000 F pour Marc Dupont est validé. Pour annuler, appelez le service opposition au +228 70 00 11 22.",arnaque
Est-ce que tu as fini ton rapport pour la soutenance ?,legitime
"Orange Money : ta facture de 659,99 FCFA est disponible dans l'application.",legitime
Investissez 1 000 000 francs CFA et recevez 500000 F CFA en 24h ! Contactez-nous sur WhatsApp au +228 91 45 67 89.,arnaque
Prêt rapide sans justificatif : jusqu'à 150000 FCFA en 1h. Écrivez sur WhatsApp au +228 70 00 11 22.,arnaque
"Coucou ma sœur, j'ai cassé mon téléphone, envoie-moi 10000 francs CFA sur +228 91 45 67 89 stp.",arnaque
"Un crédit de 2500 € a été effectué sur votre compte Orange Money. Pour confirmer, rappelez +228 90 12 34 56.",arnaque
"Bravo ! Vous êtes le 1000e visiteur, vous gagnez une moto. Réclamez sur http://bit.ly/3xR2k.",arnaque
Prêt rapide sans justificatif : jusqu'à 75000 F en 1h. Écrivez sur WhatsApp au +228 70 00 11 22.,arnaque
Félicitations ! Vous avez gagné 150000 F CFA. Cliquez sur http://bit.ly/3xR2k pour réclamer votre prix.,arnaque
Investissez 10000 francs CFA et recevez 5000 F en 24h ! Contactez-nous sur WhatsApp au ce numéro.,arnaque
Yas : profitez de 500 F CFA de bonus sur votre forfait ce week-end.,legitime
Votre colis est bloqué à la douane. Payez 1 000 000 F CFA de frais sur http://reclamation-gain.net pour le libérer.,arnaque
Paiement réussi de 500000 francs CFA chez Station CAP. Nouveau solde disponible.,legitime
Offre d'emploi à domicile : gagnez 1 000 000 FCFA par jour sans expérience. Inscrivez-vous sur http://reclamation-gain.net.,arnaque
"Bravo ! Vous êtes le 10 000e visiteur, vous gagnez un iPhone 15. Réclamez sur www.verif-compte.com.",arnaque
"Bravo ! Vous êtes le 1 000 000e visiteur, vous gagnez un smartphone. Réclamez sur http://bit.ly/3xR2k.",arnaque
Réunion de projet demain à 14h en salle B.,legitime
"Votre virement de 500 € pour Jean K. est validé. Pour annuler, appelez le service opposition au +228 70 00 11 22.",arnaque
"Votre virement de 500000 francs CFA pour Ama est validé. Pour annuler, appelez le service opposition au +228 91 45 67 89.",arnaque
